Benchmark,Width,Vectorization,N,L,Split,Repeat,Peak RSS (MiB),baseline RSS (MiB),baseline HWM (MiB),baseline Heap Alloc (MiB),baseline Heap Sys (MiB),keys RSS (MiB),keys HWM (MiB),keys Heap Alloc (MiB),keys Heap Sys (MiB),inputs RSS (MiB),inputs HWM (MiB),inputs Heap Alloc (MiB),inputs Heap Sys (MiB),evaluation RSS (MiB),evaluation HWM (MiB),evaluation Heap Alloc (MiB),evaluation Heap Sys (MiB)
box_blur,4,scalar,16384,6,development,1,86.63671875,7.59375,7.59375,0.5020980834960938,3.6875,18.62109375,18.62109375,10.435829162597656,15.59375,53.14453125,53.14453125,51.080902099609375,59.59375,82.87890625,82.87890625,38.65776824951172,91.59375
box_blur,4,scalar,16384,6,development,2,88.52734375,7.51171875,7.51171875,0.5019454956054688,3.6875,18.453125,18.453125,10.435508728027344,15.59375,52.734375,52.734375,50.273529052734375,59.59375,83.5,83.5,38.65734100341797,91.59375
box_blur,4,scalar,16384,6,development,3,95.73046875,7.51953125,7.51953125,0.5019454956054688,7.6875,18.546875,18.546875,10.43023681640625,15.625,49.89453125,49.89453125,52.492645263671875,59.625,82.67578125,82.67578125,50.658843994140625,91.625
box_blur,4,scalar,16384,6,development,4,92.08203125,7.51171875,7.51171875,0.5020980834960938,3.6875,18.734375,18.734375,10.411849975585938,15.625,55.04296875,55.04296875,49.578712463378906,63.59375,86.421875,86.421875,83.69252014160156,91.59375
box_blur,4,scalar,16384,6,development,5,91.46875,7.515625,7.515625,0.5020980834960938,7.6875,18.48828125,18.48828125,10.435722351074219,15.59375,51.078125,51.078125,51.31414794921875,59.5625,82.3359375,82.3359375,44.660850524902344,91.5625
box_blur,4,vectorized,16384,6,development,1,60.80078125,7.765625,7.765625,0.5020980834960938,7.6875,18.828125,18.828125,10.41375732421875,15.625,48.7109375,48.7109375,51.12500762939453,55.625,58.8671875,58.8671875,27.649459838867188,67.625
box_blur,4,vectorized,16384,6,development,2,66.16796875,7.75390625,7.75390625,0.5019454956054688,3.6875,18.47265625,18.47265625,10.413604736328125,15.625,49.5859375,49.5859375,50.16740417480469,55.625,60.48046875,60.48046875,62.18726348876953,67.625
box_blur,4,vectorized,16384,6,development,3,55.19921875,7.84765625,7.84765625,0.5019454956054688,7.65625,19.2109375,19.2109375,10.411911010742188,19.59375,54.15625,54.15625,39.37359619140625,63.5625,54.17578125,54.17578125,51.393455505371094,63.5625
box_blur,4,vectorized,16384,6,development,4,52.1171875,7.6875,7.6875,0.5020980834960938,3.6875,18.7734375,18.7734375,10.435615539550781,15.59375,48.69140625,48.69140625,53.148353576660156,55.59375,51.64453125,51.64453125,43.663719177246094,59.59375
box_blur,4,vectorized,16384,6,development,5,55.7421875,7.6875,7.6875,0.5019454956054688,7.6875,18.89453125,18.89453125,10.430633544921875,15.625,54.296875,54.296875,41.03446960449219,63.625,54.30078125,54.30078125,53.05432891845703,63.625
box_blur,8,scalar,16384,6,development,1,236.734375,7.671875,7.671875,0.5022506713867188,7.6875,18.53515625,18.53515625,10.430740356445312,19.625,113.91015625,113.91015625,111.31507873535156,123.59375,225.99609375,226.4609375,137.7106704711914,235.59375
box_blur,8,scalar,16384,6,development,2,232.44140625,7.58984375,7.58984375,0.5020980834960938,3.6875,18.515625,18.515625,10.435722351074219,15.59375,122.22265625,122.22265625,104.58399200439453,127.59375,226.453125,226.453125,102.68782806396484,231.59375
box_blur,8,scalar,16384,6,development,3,235.6796875,7.5859375,7.5859375,0.5022506713867188,3.6875,18.66796875,18.66796875,10.4305419921875,15.625,112.7890625,112.7890625,112.83000946044922,119.59375,225.88671875,225.88671875,145.71659088134766,231.59375
box_blur,8,scalar,16384,6,development,4,238.6953125,7.66015625,7.66015625,0.5025558471679688,3.6875,18.4453125,18.4453125,10.417961120605469,15.59375,122.8359375,122.8359375,123.604736328125,127.59375,223.59375,223.59375,179.7417984008789,227.59375
box_blur,8,scalar,16384,6,development,5,233.1953125,7.671875,7.671875,0.5019454956054688,7.6875,18.890625,18.890625,10.413497924804688,15.625,129.08984375,129.08984375,94.07791137695312,135.59375,222.47265625,222.47265625,209.76395416259766,227.59375
box_blur,8,vectorized,16384,6,development,1,58.49609375,7.68359375,7.68359375,0.5022506713867188,3.65625,24.96875,24.96875,16.54688262939453,23.59375,41.0390625,41.0390625,43.2005615234375,47.5625,52.515625,52.515625,52.22199249267578,55.5625
box_blur,8,vectorized,16384,6,development,2,64.6953125,7.625,7.625,0.5019454956054688,7.6875,24.74609375,24.74609375,16.551559448242188,23.59375,52.0390625,52.0390625,51.27250671386719,55.59375,62.12890625,62.12890625,26.78321075439453,63.59375
box_blur,8,vectorized,16384,6,development,3,59.71875,7.6015625,7.6015625,0.5020980834960938,7.6875,25.00390625,25.00390625,16.555023193359375,23.59375,52.625,52.625,51.8699951171875,59.59375,59.484375,59.484375,36.78900909423828,63.59375
box_blur,8,vectorized,16384,6,development,4,61.15625,7.51953125,7.51953125,0.5020980834960938,3.6875,24.64453125,24.64453125,16.551895141601562,23.59375,46.5234375,46.5234375,46.19812774658203,51.59375,57.0625,57.0625,55.21955871582031,59.59375
box_blur,8,vectorized,16384,6,development,5,58.2890625,7.59765625,7.59765625,0.5019454956054688,3.6875,24.83203125,24.83203125,16.55157470703125,19.59375,41.0625,41.0625,43.20036315917969,47.59375,52.32421875,52.32421875,52.22179412841797,55.59375
box_blur,16,scalar,16384,6,development,1,804.390625,7.8125,7.8125,0.5019454956054688,7.6875,18.48828125,18.48828125,10.413398742675781,15.625,396.59375,396.59375,320.46018981933594,399.59375,792.35546875,793.64453125,473.89549255371094,795.59375
box_blur,16,scalar,16384,6,development,2,784.21484375,7.72265625,7.72265625,0.5019454956054688,3.6875,18.48046875,18.48046875,10.430259704589844,15.625,374.74609375,374.74609375,349.6917419433594,379.59375,777.4765625,784.21484375,570.9689788818359,787.59375
box_blur,16,scalar,16384,6,development,3,784.76953125,7.80859375,7.80859375,0.5020980834960938,3.6875,18.72265625,18.72265625,10.430519104003906,15.625,374.546875,374.546875,349.7800750732422,379.59375,778.1484375,784.76953125,575.9736328125,787.59375
box_blur,16,scalar,16384,6,development,4,775.46484375,7.7265625,7.7265625,0.5022506713867188,3.6875,18.60546875,18.60546875,10.435989379882812,15.59375,393.0390625,393.0390625,391.10128021240234,399.59375,763.12890625,775.46484375,312.78771209716797,779.5625
box_blur,16,scalar,16384,6,development,5,795.67578125,7.73046875,7.73046875,0.5019454956054688,7.6875,18.80078125,18.80078125,10.417129516601562,15.59375,390.84375,390.84375,328.54762268066406,395.59375,785.171875,786.859375,510.9237518310547,791.59375
box_blur,16,vectorized,16384,6,development,1,59.48828125,7.51953125,7.51953125,0.5022506713867188,7.6875,24.8515625,24.8515625,16.54644012451172,23.625,45.8671875,45.8671875,46.21864318847656,51.5625,56.41015625,56.41015625,55.240074157714844,63.5625
box_blur,16,vectorized,16384,6,development,2,63.18359375,7.6015625,7.6015625,0.5020980834960938,3.6875,24.625,24.625,16.551193237304688,19.59375,46.00390625,46.00390625,45.53046417236328,47.59375,56.92578125,56.92578125,54.55189514160156,59.59375
box_blur,16,vectorized,16384,6,development,3,64.1953125,7.515625,7.515625,0.5020980834960938,3.6875,24.4921875,24.4921875,16.54651641845703,19.625,51.8984375,51.8984375,51.267356872558594,55.625,61.99609375,61.99609375,26.778060913085938,63.625
box_blur,16,vectorized,16384,6,development,4,63.68359375,7.51953125,7.51953125,0.5019454956054688,7.6875,24.828125,24.828125,16.546470642089844,23.625,51.55859375,51.55859375,50.755043029785156,59.59375,61.66015625,61.66015625,26.78333282470703,67.59375
box_blur,16,vectorized,16384,6,development,5,52.73828125,7.515625,7.515625,0.5019454956054688,3.6875,24.71484375,24.71484375,16.551788330078125,23.59375,43.3046875,43.3046875,39.58833312988281,55.59375,47.1796875,47.1796875,48.609764099121094,55.59375
conv2d,4,compiler-native,16384,6,development,1,85.16015625,7.65625,7.65625,0.5020980834960938,7.6875,18.5078125,18.5078125,10.435829162597656,15.59375,52.59375,52.59375,51.46210479736328,63.5625,84.4140625,84.4140625,38.66545867919922,91.5625
conv2d,4,compiler-native,16384,6,development,2,80.0625,7.734375,7.734375,0.5020980834960938,3.6875,18.39453125,18.39453125,10.435905456542969,15.59375,48.66796875,48.66796875,52.11431121826172,55.59375,79.1171875,79.1171875,61.17443084716797,87.59375
conv2d,4,compiler-native,16384,6,development,3,84.51171875,7.734375,7.734375,0.5022506713867188,3.6875,18.94921875,18.94921875,10.419120788574219,15.59375,57.25390625,57.25390625,59.66925048828125,63.59375,84.1875,84.1875,68.17975616455078,87.59375
conv2d,4,compiler-native,16384,6,development,4,88.7421875,7.65234375,7.65234375,0.5020980834960938,3.6875,18.15625,18.15625,10.430618286132812,15.625,50.15234375,50.15234375,52.568023681640625,59.625,85.7421875,87.7734375,47.66075897216797,95.625
conv2d,4,compiler-native,16384,6,development,5,84.47265625,7.765625,7.765625,0.507415771484375,7.65625,18.59765625,18.59765625,10.413650512695312,15.625,54.75390625,54.75390625,56.76136779785156,63.625,83.72265625,83.72265625,66.17852020263672,91.59375
conv2d,8,compiler-native,16384,6,development,1,197.99609375,7.69921875,7.69921875,0.5022506713867188,3.6875,18.6796875,18.6796875,10.4306640625,15.625,119.68359375,119.68359375,104.38166046142578,127.59375,171.37890625,197.99609375,114.20713806152344,203.59375
conv2d,8,compiler-native,16384,6,development,2,191.94921875,7.6171875,7.6171875,0.5019454956054688,3.6875,18.546875,18.546875,10.43035888671875,15.625,113.546875,113.546875,111.72537231445312,123.5625,173.921875,191.94921875,133.22171020507812,199.5625
conv2d,8,compiler-native,16384,6,development,3,191.41015625,7.61328125,7.61328125,0.5019454956054688,3.6875,18.53515625,18.53515625,10.430145263671875,15.625,119.9140625,119.9140625,104.52387237548828,127.59375,169.625,191.41015625,119.21072387695312,195.59375
conv2d,8,compiler-native,16384,6,development,4,199.5625,7.62109375,7.62109375,0.5024032592773438,3.6875,18.8984375,18.8984375,10.411865234375,15.625,127.76953125,127.76953125,96.68993377685547,135.59375,171.58984375,199.5625,107.201904296875,203.5625
conv2d,8,compiler-native,16384,6,development,5,194.94921875,7.71484375,7.71484375,0.5020980834960938,7.6875,18.85546875,18.85546875,10.436210632324219,19.59375,120.75,120.75,103.55941772460938,131.59375,167.578125,194.94921875,107.20196533203125,203.59375
conv2d,16,compiler-native,16384,6,development,1,631.1484375,7.75390625,7.75390625,0.5019454956054688,3.6875,18.62890625,18.62890625,10.435470581054688,15.59375,371.0703125,371.0703125,352.7564697265625,375.59375,558.2734375,631.1484375,403.38050842285156,635.5625
conv2d,16,compiler-native,16384,6,development,2,641.8125,7.75,7.75,0.5019454956054688,3.6875,18.83203125,18.83203125,10.435577392578125,15.59375,385.21875,385.21875,334.58716583251953,391.5625,555.9140625,641.8125,363.3501739501953,647.53125
conv2d,16,compiler-native,16384,6,development,3,634.71484375,7.8359375,7.8359375,0.5022506713867188,3.6875,18.828125,18.828125,10.435882568359375,15.59375,379.14453125,379.14453125,342.66004180908203,383.59375,548.6953125,634.71484375,372.357666015625,639.5625
conv2d,16,compiler-native,16384,6,development,4,639.984375,7.83984375,7.83984375,0.5019454956054688,3.6875,18.52734375,18.52734375,10.413459777832031,15.625,396.62890625,396.62890625,319.94793701171875,399.5625,551.8359375,639.984375,344.3357696533203,639.5625
conv2d,16,compiler-native,16384,6,development,5,635.8515625,7.75390625,7.75390625,0.5022506713867188,3.6875,18.59375,18.59375,10.430671691894531,15.625,404.08984375,404.08984375,401.19146728515625,407.59375,569.01171875,635.8515625,499.4500045776367,639.59375
deep_network,3,deep-poly,16384,7,development,1,44.15234375,7.61328125,7.61328125,0.5020980834960938,7.6875,20.83984375,20.83984375,13.795417785644531,19.59375,30.83984375,30.83984375,37.03981018066406,43.59375,38.36328125,38.36328125,40.06776428222656,47.59375
deep_network,3,deep-poly,16384,7,development,2,44.02734375,7.6015625,7.6015625,0.5019454956054688,3.6875,20.89453125,20.89453125,13.78973388671875,19.625,30.76171875,30.76171875,37.03412628173828,39.625,38.4140625,38.4140625,40.06208038330078,43.625
deep_network,3,deep-poly,16384,7,development,3,44.15234375,7.75,7.75,0.5021133422851562,3.6875,21.04296875,21.04296875,13.789886474609375,15.625,30.89453125,30.89453125,37.034278869628906,39.625,38.609375,38.609375,40.061805725097656,43.625
deep_network,3,deep-poly,16384,7,development,4,43.52734375,7.609375,7.609375,0.5020980834960938,7.6875,21.2109375,21.2109375,13.790130615234375,19.625,30.8984375,30.8984375,37.034278869628906,43.625,38.421875,38.421875,40.062232971191406,47.625
deep_network,3,deep-poly,16384,7,development,5,43.90234375,7.609375,7.609375,0.5020980834960938,3.6875,20.984375,20.984375,13.795097351074219,19.59375,30.74609375,30.74609375,37.03948974609375,39.59375,38.2734375,38.2734375,40.0670166015625,43.59375
deep_network,5,deep-poly,16384,9,development,1,57.90234375,7.61328125,7.61328125,0.5025558471679688,7.6875,26.62109375,26.62109375,19.797691345214844,27.625,38.765625,38.765625,52.550567626953125,59.625,52.1640625,52.1640625,58.84565734863281,63.625
deep_network,5,deep-poly,16384,9,development,2,56.02734375,7.6875,7.6875,0.5020980834960938,3.6875,28.32421875,28.32421875,19.79492950439453,23.625,37.05859375,37.05859375,52.55156707763672,55.625,50.21875,50.21875,58.846229553222656,63.625
deep_network,5,deep-poly,16384,9,development,3,51.97265625,7.61328125,7.61328125,0.5020980834960938,7.6875,28.07421875,28.07421875,19.800460815429688,27.59375,39.12109375,39.12109375,52.55720520019531,59.59375,51.85546875,51.85546875,40.79265594482422,63.59375
deep_network,5,deep-poly,16384,9,development,4,57.47265625,7.61328125,7.61328125,0.5019454956054688,7.6875,26.6796875,26.6796875,19.802169799804688,27.59375,38.48828125,38.48828125,52.55506134033203,59.59375,51.90234375,51.90234375,58.85015106201172,63.59375
deep_network,5,deep-poly,16384,9,development,5,51.59765625,7.61328125,7.61328125,0.5020980834960938,3.6875,26.46875,26.46875,19.79705047607422,23.625,36.078125,36.078125,52.555381774902344,55.59375,50.3671875,50.3671875,58.85047149658203,63.59375
deep_network,8,deep-poly,32768,12,development,1,150.90625,7.546875,7.546875,0.5020980834960938,3.6875,61.35546875,61.35546875,57.964088439941406,63.59375,92.796875,92.796875,155.19711303710938,159.59375,139.20703125,139.20703125,181.27904510498047,183.59375
deep_network,8,deep-poly,32768,12,development,2,150.78125,7.6328125,7.6328125,0.5022506713867188,3.6875,61.58984375,61.58984375,57.95903015136719,63.625,92.76953125,92.76953125,155.19205474853516,159.625,138.87109375,138.87109375,181.27387237548828,183.625
deep_network,8,deep-poly,32768,12,development,3,145.41015625,7.62890625,7.62890625,0.5020980834960938,3.6875,62.01171875,62.01171875,57.95860290527344,63.625,92.9140625,92.9140625,155.19152069091797,159.625,133.5078125,133.5078125,181.2733383178711,187.625
deep_network,8,deep-poly,32768,12,development,4,150.53125,7.5546875,7.5546875,0.5020980834960938,7.6875,61.33203125,61.33203125,57.958770751953125,67.625,90.72265625,90.72265625,155.19168853759766,163.625,138.8203125,138.8203125,181.27350616455078,187.625
deep_network,8,deep-poly,32768,12,development,5,146.65625,7.6328125,7.6328125,0.5020980834960938,7.6875,60.9375,60.9375,57.95820617675781,67.625,94.3046875,94.3046875,155.19679260253906,163.59375,134.88671875,134.88671875,181.2786102294922,187.59375
deep_network,3,deep-conv,16384,6,development,1,74.5078125,7.5234375,7.5234375,0.5020980834960938,7.6875,18.46875,18.46875,10.435722351074219,15.59375,52.27734375,52.27734375,56.133331298828125,63.59375,73.05859375,73.05859375,71.95266723632812,79.59375
deep_network,3,deep-conv,16384,6,development,2,73.70703125,7.5234375,7.5234375,0.5020980834960938,7.6875,18.63671875,18.63671875,10.430892944335938,15.625,52.703125,52.703125,56.13330078125,63.59375,73.58984375,73.58984375,22.15813446044922,79.59375
deep_network,3,deep-conv,16384,6,development,3,74.95703125,7.5859375,7.5859375,0.5020980834960938,3.6875,19.125,19.125,10.417045593261719,15.59375,54.5859375,54.5859375,54.356407165527344,59.59375,72.2421875,72.2421875,70.17574310302734,75.59375
deep_network,3,deep-conv,16384,6,development,4,74.89453125,7.51953125,7.51953125,0.5022506713867188,3.6875,18.578125,18.578125,10.435768127441406,15.59375,52.8984375,52.8984375,56.37452697753906,59.59375,73.6796875,73.6796875,72.19386291503906,75.59375
deep_network,3,deep-conv,16384,6,development,5,69.90625,7.62890625,7.62890625,0.50726318359375,3.65625,18.75,18.75,10.435966491699219,15.59375,50.91015625,50.91015625,49.476654052734375,63.59375,66.41015625,66.41015625,65.29598999023438,71.59375
deep_network,4,deep-conv,16384,6,development,1,100.45703125,7.66796875,7.66796875,0.5019454956054688,7.6875,18.62890625,18.62890625,10.419029235839844,15.59375,70.515625,70.515625,73.22631072998047,79.59375,97.296875,100.45703125,50.70491027832031,103.59375
deep_network,4,deep-conv,16384,6,development,2,95.50390625,7.6640625,7.6640625,0.5019454956054688,3.6875,18.6328125,18.6328125,10.435783386230469,15.59375,66.4453125,66.4453125,57.080726623535156,75.5625,95.30859375,95.30859375,72.76588439941406,95.5625
deep_network,4,deep-conv,16384,6,development,3,98.0078125,7.74609375,7.74609375,0.5020980834960938,3.6875,18.765625,18.765625,10.435707092285156,15.59375,67.42578125,67.42578125,57.080772399902344,75.59375,96.3046875,96.3125,70.00955963134766,99.59375
deep_network,4,deep-conv,16384,6,development,4,97.08203125,7.75,7.75,0.5020980834960938,3.6875,19.03125,19.03125,10.41375732421875,15.625,64.62890625,64.62890625,67.1660385131836,71.625,94.953125,97.08203125,39.42938995361328,99.625
deep_network,4,deep-conv,16384,6,development,5,95.81640625,7.6640625,7.6640625,0.5022506713867188,3.6875,18.53515625,18.53515625,10.419349670410156,15.59375,66.05859375,66.05859375,57.08043670654297,75.59375,95.7109375,95.7109375,74.76708221435547,99.59375
deep_network,8,deep-conv,16384,6,development,1,199.87890625,7.7890625,7.7890625,0.5020980834960938,7.6875,18.58984375,18.58984375,10.430343627929688,15.625,131.94921875,131.94921875,134.68384552001953,143.59375,154.078125,199.87890625,97.780517578125,203.5625
deep_network,8,deep-conv,16384,6,development,2,199.67578125,7.86328125,7.86328125,0.5020980834960938,3.6875,18.58203125,18.58203125,10.436225891113281,15.59375,132.05859375,132.05859375,134.4044418334961,139.59375,149.515625,199.67578125,98.79075622558594,203.53125
deep_network,8,deep-conv,16384,6,development,3,203.140625,7.8671875,7.8671875,0.5019454956054688,3.6875,18.6640625,18.6640625,10.41339111328125,15.625,129.6484375,129.6484375,120.72621154785156,135.59375,137.30078125,203.140625,72.71389770507812,203.5625
deep_network,8,deep-conv,16384,6,development,4,200.640625,7.875,7.875,0.5020980834960938,7.6875,18.94140625,18.94140625,10.430404663085938,15.625,140.42578125,140.42578125,141.4274673461914,147.59375,157.3203125,200.640625,109.32044982910156,203.5625
deep_network,8,deep-conv,16384,6,development,5,202.140625,7.87109375,7.87109375,0.5022506713867188,7.6875,18.7734375,18.7734375,10.413909912109375,15.625,130.23828125,130.23828125,118.7087173461914,139.59375,129.76953125,202.140625,65.20085906982422,203.5625
deep_network,2,deep-linear,16384,8,development,1,81.55859375,7.60546875,7.60546875,0.5019454956054688,7.6875,23.56640625,23.56640625,15.673873901367188,23.5625,65.5390625,65.5390625,56.629310607910156,83.59375,74.171875,74.171875,74.71939849853516,83.59375
deep_network,2,deep-linear,16384,8,development,2,79.62109375,7.515625,7.515625,0.5020980834960938,7.6875,23.68359375,23.68359375,15.668586730957031,23.625,67.70703125,67.70703125,77.6611328125,83.625,79.1015625,79.1015625,61.726478576660156,87.59375
deep_network,2,deep-linear,16384,8,development,3,83.68359375,7.6015625,7.6015625,0.5019454956054688,3.6875,23.6328125,23.6328125,15.673751831054688,19.59375,60.984375,60.984375,70.46981048583984,75.59375,81.421875,81.421875,41.42755126953125,91.59375
deep_network,2,deep-linear,16384,8,development,4,76.1171875,7.51171875,7.51171875,0.5019454956054688,3.6875,23.5390625,23.5390625,15.668327331542969,19.625,61.33984375,61.33984375,72.9345932006836,75.625,76.21484375,76.21484375,57.46312713623047,83.625
deep_network,2,deep-linear,16384,8,development,5,84.87890625,7.59765625,7.59765625,0.5019454956054688,3.6875,23.3828125,23.3828125,15.673751831054688,19.59375,66.80078125,66.80078125,76.3911361694336,79.59375,85.12890625,85.12890625,49.94654846191406,91.59375
deep_network,4,deep-linear,16384,8,development,1,157.7109375,7.734375,7.734375,0.5022506713867188,3.6875,23.43359375,23.43359375,15.668754577636719,19.625,116.2734375,116.2734375,117.53084564208984,131.59375,153.28125,157.7109375,96.29277038574219,167.59375
deep_network,4,deep-linear,16384,8,development,2,158.21875,7.61328125,7.61328125,0.5020980834960938,3.6875,23.62890625,23.62890625,15.6737060546875,19.59375,117.62109375,117.62109375,115.40873718261719,131.5625,158.27734375,158.27734375,93.29637145996094,163.5625
deep_network,4,deep-linear,16384,8,development,3,163.71875,7.69921875,7.69921875,0.5019454956054688,3.6875,22.51171875,22.51171875,15.666542053222656,19.625,125.87109375,125.87109375,133.47357177734375,139.625,152.40625,152.40625,147.67058563232422,159.625
deep_network,4,deep-linear,16384,8,development,4,173.09375,7.62109375,7.62109375,0.5024032592773438,7.6875,23.60546875,23.60546875,15.668678283691406,19.625,127.11328125,127.11328125,110.58552551269531,143.625,173.41796875,173.41796875,55.94920349121094,179.625
deep_network,4,deep-linear,16384,8,development,5,147.21875,7.6171875,7.6171875,0.5020980834960938,3.6875,23.52734375,23.52734375,15.668373107910156,19.625,111.3359375,111.3359375,112.1421890258789,127.625,146.296875,146.296875,105.56007385253906,155.625
deep_network,8,deep-linear,16384,8,development,1,450.6875,7.921875,7.921875,0.507568359375,3.65625,23.8046875,23.8046875,15.671684265136719,19.59375,344.46875,344.46875,286.60155487060547,355.59375,439.109375,450.6875,286.6961669921875,455.5625
deep_network,8,deep-linear,16384,8,development,2,442.59375,7.89453125,7.89453125,0.5019454956054688,7.6875,23.83984375,23.83984375,15.673759460449219,23.59375,338.96875,338.96875,294.8312301635742,351.59375,434.7265625,442.59375,308.2410583496094,451.5625
deep_network,8,deep-linear,16384,8,development,3,462.96875,7.80859375,7.80859375,0.5019454956054688,3.6875,23.05078125,23.05078125,15.672080993652344,19.59375,351.59765625,351.59765625,357.9585189819336,363.5625,455.48828125,462.96875,120.58255004882812,467.53125
deep_network,8,deep-linear,16384,8,development,4,454.8125,7.9296875,7.9296875,0.5020980834960938,7.6875,23.6796875,23.6796875,15.673927307128906,23.59375,348.609375,348.609375,280.52532958984375,363.59375,446.0,454.8125,267.64833068847656,463.5625
deep_network,8,deep-linear,16384,8,development,5,489.34375,7.8046875,7.8046875,0.5022506713867188,3.6875,23.1875,23.1875,15.666854858398438,19.625,368.09765625,368.09765625,370.97528076171875,379.59375,484.25,489.34375,140.6272201538086,491.5625
discrete_cosin_transform,4,scalar,16384,6,holdout,1,50.58984375,7.59375,7.59375,0.5020980834960938,3.6875,18.5,18.5,10.435615539550781,15.59375,31.5703125,31.5703125,31.44927215576172,39.59375,45.10546875,45.10546875,47.72434997558594,51.59375
discrete_cosin_transform,4,scalar,16384,6,holdout,2,50.953125,7.5078125,7.5078125,0.5019454956054688,3.6875,18.29296875,18.29296875,10.418724060058594,15.59375,34.15234375,34.15234375,37.58562469482422,39.59375,42.109375,42.109375,39.161865234375,47.59375
discrete_cosin_transform,4,scalar,16384,6,holdout,3,51.5625,7.51171875,7.51171875,0.5020980834960938,3.6875,18.79296875,18.79296875,10.425376892089844,15.65625,29.0703125,29.0703125,33.233177185058594,39.625,45.61328125,45.61328125,49.50825500488281,55.625
discrete_cosin_transform,4,scalar,16384,6,holdout,4,50.15234375,7.5078125,7.5078125,0.5022506713867188,3.6875,18.484375,18.484375,10.430557250976562,15.625,33.1796875,33.1796875,37.58135986328125,39.59375,42.66796875,42.66796875,45.57295227050781,51.59375
discrete_cosin_transform,4,scalar,16384,6,holdout,5,48.78515625,7.6015625,7.6015625,0.5022506713867188,7.6875,18.90234375,18.90234375,10.436164855957031,19.59375,29.4921875,29.4921875,34.612831115722656,39.59375,46.32421875,46.32421875,50.887908935546875,59.59375
discrete_cosin_transform,8,scalar,16384,6,holdout,1,55.296875,7.6171875,7.6171875,0.5020980834960938,3.6875,18.8828125,18.8828125,10.416893005371094,15.59375,31.79296875,31.79296875,32.03639221191406,39.59375,46.03515625,46.03515625,48.31147003173828,51.59375
discrete_cosin_transform,8,scalar,16384,6,holdout,2,52.50390625,7.5078125,7.5078125,0.5020980834960938,3.6875,18.49609375,18.49609375,10.418968200683594,15.59375,34.87109375,34.87109375,37.58576202392578,43.59375,46.29296875,46.29296875,35.66016387939453,51.59375
discrete_cosin_transform,8,scalar,16384,6,holdout,3,51.5390625,7.51171875,7.51171875,0.5020980834960938,3.6875,18.62890625,18.62890625,10.435722351074219,15.59375,28.90625,28.90625,33.19355773925781,39.5625,45.51171875,45.51171875,49.46863555908203,55.5625
discrete_cosin_transform,8,scalar,16384,6,holdout,4,50.83203125,7.54296875,7.54296875,0.5019454956054688,3.6875,18.34375,18.34375,10.43035888671875,15.625,28.9296875,28.9296875,34.04924011230469,39.625,45.8046875,45.8046875,50.324317932128906,55.625
discrete_cosin_transform,8,scalar,16384,6,holdout,5,51.8828125,7.58984375,7.58984375,0.5020980834960938,3.6875,18.6875,18.6875,10.4302978515625,15.625,31.20703125,31.20703125,31.513381958007812,39.625,44.71484375,44.71484375,47.78845977783203,51.625
discrete_cosin_transform,16,scalar,16384,6,holdout,1,60.1875,7.51171875,7.51171875,0.5020980834960938,3.6875,18.60546875,18.60546875,10.435829162597656,15.59375,34.25390625,34.25390625,37.586097717285156,43.59375,45.8203125,45.8203125,47.704376220703125,51.59375
discrete_cosin_transform,16,scalar,16384,6,holdout,2,50.609375,7.515625,7.515625,0.5019454956054688,7.6875,18.48828125,18.48828125,10.435615539550781,15.59375,29.57421875,29.57421875,32.277557373046875,39.59375,44.734375,44.734375,48.552635192871094,55.59375
discrete_cosin_transform,16,scalar,16384,6,holdout,3,52.4921875,7.59765625,7.59765625,0.5020980834960938,7.6875,18.1640625,18.1640625,10.418815612792969,19.59375,34.9765625,34.9765625,37.58586883544922,43.59375,46.140625,46.140625,35.66016387939453,55.59375
discrete_cosin_transform,16,scalar,16384,6,holdout,4,49.96875,7.59765625,7.59765625,0.5020980834960938,7.6875,18.7890625,18.7890625,10.436225891113281,19.59375,33.98046875,33.98046875,37.58600616455078,43.59375,41.34375,41.34375,40.66344451904297,51.59375
discrete_cosin_transform,16,scalar,16384,6,holdout,5,50.9921875,7.5078125,7.5078125,0.5020980834960938,7.6875,18.375,18.375,10.430191040039062,15.625,29.10546875,29.10546875,33.53669738769531,39.59375,45.6484375,45.6484375,49.81177520751953,55.59375
dot_product,4,scalar,16384,6,development,1,54.796875,7.5078125,7.5078125,0.5020980834960938,3.6875,18.38671875,18.38671875,10.435707092285156,15.59375,39.90625,39.90625,44.110198974609375,47.59375,51.1953125,51.1953125,50.39520263671875,55.59375
dot_product,4,scalar,16384,6,development,2,49.0,7.6015625,7.6015625,0.5020980834960938,3.6875,18.84375,18.84375,10.430282592773438,15.625,40.65625,40.65625,37.532615661621094,47.625,46.4140625,46.4140625,43.81761932373047,47.625
dot_product,4,scalar,16384,6,development,3,49.703125,7.5078125,7.5078125,0.5020980834960938,3.6875,18.39453125,18.39453125,10.435722351074219,15.59375,37.15234375,37.15234375,38.87145233154297,47.59375,46.2578125,46.2578125,45.156455993652344,51.59375
dot_product,4,scalar,16384,6,development,4,55.92578125,7.5078125,7.5078125,0.5022506713867188,3.6875,18.4921875,18.4921875,10.435768127441406,15.59375,40.66796875,40.66796875,44.869537353515625,47.5625,51.953125,51.953125,51.154541015625,55.5625
dot_product,4,scalar,16384,6,development,5,50.953125,7.59375,7.59375,0.5024032592773438,3.6875,18.515625,18.515625,10.436027526855469,15.59375,39.7421875,39.7421875,38.541221618652344,47.59375,48.37890625,48.37890625,44.82622528076172,51.59375
dot_product,4,vectorized,16384,6,development,1,50.6875,7.5234375,7.5234375,0.5020980834960938,7.6875,30.9765625,30.9765625,22.68938446044922,27.59375,39.89453125,39.89453125,37.80139923095703,43.59375,45.91015625,45.91015625,41.82685089111328,47.59375
dot_product,4,vectorized,16384,6,development,2,49.58984375,7.625,7.625,0.5020980834960938,3.6875,30.87109375,30.87109375,22.68927764892578,27.59375,39.98828125,39.98828125,36.697906494140625,39.59375,44.7578125,44.7578125,40.723358154296875,43.59375
dot_product,4,vectorized,16384,6,development,3,50.34765625,7.52734375,7.52734375,0.5022506713867188,7.6875,30.98828125,30.98828125,22.689430236816406,27.59375,39.953125,39.953125,37.30615234375,43.59375,45.34765625,45.34765625,41.33160400390625,47.59375
dot_product,4,vectorized,16384,6,development,4,50.75,7.5234375,7.5234375,0.5019454956054688,3.6875,31.05078125,31.05078125,22.689231872558594,27.5625,39.0625,39.0625,37.80127716064453,43.5625,45.71875,45.71875,41.82672882080078,47.5625
dot_product,4,vectorized,16384,6,development,5,48.8828125,7.6015625,7.6015625,0.5020980834960938,3.6875,30.90625,30.90625,22.683486938476562,27.625,39.0546875,39.0546875,36.28788757324219,39.59375,44.32421875,44.32421875,40.31333923339844,43.59375
dot_product,8,scalar,16384,6,development,1,62.11328125,7.59765625,7.59765625,0.5020980834960938,3.6875,18.53515625,18.53515625,10.4136962890625,15.625,58.01953125,58.01953125,41.96092224121094,67.59375,61.890625,61.890625,55.27012634277344,67.59375
dot_product,8,scalar,16384,6,development,2,65.8671875,7.515625,7.515625,0.5024032592773438,7.6875,18.6171875,18.6171875,10.4140625,15.625,54.9296875,54.9296875,46.212608337402344,63.625,62.0234375,62.0234375,59.521812438964844,67.625
dot_product,8,scalar,16384,6,development,3,62.8671875,7.515625,7.515625,0.5020980834960938,7.6875,18.44140625,18.44140625,10.430404663085938,15.625,52.93359375,52.93359375,43.518516540527344,63.625,61.703125,61.703125,56.827720642089844,67.625
dot_product,8,scalar,16384,6,development,4,66.3125,7.59375,7.59375,0.5020980834960938,3.6875,18.40625,18.40625,10.419075012207031,15.59375,51.49609375,51.49609375,47.06158447265625,59.59375,64.390625,64.390625,60.37078857421875,67.59375
dot_product,8,scalar,16384,6,development,5,70.359375,7.515625,7.515625,0.5020980834960938,7.6875,18.51953125,18.51953125,10.43017578125,15.625,49.80078125,49.80078125,53.46324157714844,59.625,68.1328125,68.1328125,66.77244567871094,71.625
dot_product,8,vectorized,16384,6,development,1,51.67578125,7.5234375,7.5234375,0.5020980834960938,3.6875,34.26171875,34.26171875,22.14655303955078,31.59375,36.44140625,36.44140625,40.928504943847656,47.59375,47.33203125,47.33203125,46.45824432373047,51.59375
dot_product,8,vectorized,16384,6,development,2,51.32421875,7.5625,7.5625,0.5019454956054688,7.6875,34.19921875,34.19921875,22.14659881591797,31.59375,37.078125,37.078125,40.928550720214844,47.59375,47.2265625,47.2265625,46.457862854003906,51.59375
dot_product,8,vectorized,16384,6,development,3,55.3828125,7.515625,7.515625,0.5020980834960938,3.6875,37.328125,37.328125,19.138587951660156,35.59375,41.9765625,41.9765625,40.919639587402344,47.59375,51.015625,51.015625,46.449378967285156,51.59375
dot_product,8,vectorized,16384,6,development,4,52.50390625,7.60546875,7.60546875,0.5020980834960938,3.6875,34.09765625,34.09765625,22.14665985107422,31.59375,37.72265625,37.72265625,40.928611755371094,43.59375,47.8984375,47.8984375,46.457923889160156,51.59375
dot_product,8,vectorized,16384,6,development,5,51.8125,7.53125,7.53125,0.5020980834960938,3.6875,34.62109375,34.62109375,22.14655303955078,31.5625,36.78125,36.78125,40.928504943847656,43.5625,47.6875,47.6875,46.45781707763672,51.5625
dot_product,16,scalar,16384,6,development,1,98.14453125,7.67578125,7.67578125,0.5022506713867188,3.6875,19.08203125,19.08203125,10.419227600097656,15.59375,77.50390625,77.50390625,64.42243194580078,83.59375,94.8828125,94.8828125,91.78003692626953,95.59375
dot_product,16,scalar,16384,6,development,2,96.5859375,7.68359375,7.68359375,0.5019454956054688,3.6875,19.3125,19.3125,10.435966491699219,15.59375,73.05078125,73.05078125,76.22962188720703,79.59375,96.08203125,96.08203125,43.944236755371094,99.59375
dot_product,16,scalar,16384,6,development,3,93.640625,7.62890625,7.62890625,0.507568359375,7.65625,18.58984375,18.58984375,10.430557250976562,15.625,76.06640625,76.06640625,80.22997283935547,87.59375,93.54296875,93.54296875,60.722496032714844,99.59375
dot_product,16,scalar,16384,6,development,4,100.33984375,7.6796875,7.6796875,0.5020980834960938,3.6875,18.6484375,18.6484375,10.435935974121094,15.59375,71.30859375,71.30859375,74.17556762695312,79.59375,100.20703125,100.20703125,30.668663024902344,103.59375
dot_product,16,scalar,16384,6,development,5,98.0078125,7.6796875,7.6796875,0.5019454956054688,3.6875,18.75,18.75,10.430252075195312,15.625,72.66796875,72.66796875,76.1881103515625,79.625,97.609375,97.609375,40.187416076660156,103.59375
dot_product,16,vectorized,16384,6,development,1,58.62890625,7.61328125,7.61328125,0.5022506713867188,7.6875,43.19140625,43.19140625,31.16357421875,39.59375,45.421875,45.421875,44.05473327636719,51.59375,54.8203125,54.8203125,51.088775634765625,55.59375
dot_product,16,vectorized,16384,6,development,2,56.57421875,7.59375,7.59375,0.5020980834960938,3.6875,43.4765625,43.4765625,34.57811737060547,39.59375,47.9296875,47.9296875,44.0545654296875,55.59375,52.58203125,52.58203125,51.08860778808594,55.59375
dot_product,16,vectorized,16384,6,development,3,56.15625,7.6015625,7.6015625,0.5019454956054688,3.6875,43.1015625,43.1015625,31.163284301757812,39.59375,45.5625,45.5625,44.05433654785156,55.59375,51.9609375,51.9609375,51.08837890625,55.59375
dot_product,16,vectorized,16384,6,development,4,56.21875,7.5234375,7.5234375,0.5020980834960938,3.6875,43.5859375,43.5859375,31.163223266601562,39.59375,45.71875,45.71875,44.05427551269531,55.59375,52.2421875,52.2421875,51.08831787109375,55.59375
dot_product,16,vectorized,16384,6,development,5,58.87890625,7.60546875,7.60546875,0.5022506713867188,3.6875,43.03515625,43.03515625,31.163482666015625,39.59375,45.4921875,45.4921875,44.054534912109375,47.59375,54.39453125,54.39453125,51.08815002441406,55.59375
dot_product,32,scalar,16384,6,development,1,163.69140625,7.640625,7.640625,0.5022506713867188,3.6875,18.87109375,18.87109375,10.435981750488281,15.59375,122.70703125,122.70703125,101.5075912475586,131.59375,162.58203125,162.58203125,156.9621124267578,163.59375
dot_product,32,scalar,16384,6,development,2,146.44140625,7.72265625,7.72265625,0.5019454956054688,3.6875,18.5703125,18.5703125,10.413604736328125,15.625,121.54296875,121.54296875,122.33343505859375,127.59375,146.4921875,146.4921875,100.2949447631836,147.59375
dot_product,32,scalar,16384,6,development,3,160.859375,7.7265625,7.7265625,0.5020980834960938,7.6875,18.9140625,18.9140625,10.41217041015625,19.625,126.59765625,126.59765625,98.10942840576172,135.625,158.984375,158.984375,153.56383514404297,163.625
dot_product,32,scalar,16384,6,development,4,160.84765625,7.72265625,7.72265625,0.5020980834960938,7.6875,19.00390625,19.00390625,10.412063598632812,15.625,126.45703125,126.45703125,98.10924530029297,135.625,158.5859375,158.5859375,153.56365203857422,163.625
dot_product,32,scalar,16384,6,development,5,163.49609375,7.71875,7.71875,0.5020980834960938,3.6875,18.41796875,18.41796875,10.413818359375,15.625,123.0234375,123.0234375,100.5216293334961,127.59375,160.70703125,160.70703125,155.97603607177734,163.59375
dot_product,32,vectorized,16384,6,development,1,64.00390625,7.5234375,7.5234375,0.5022506713867188,7.6875,49.6640625,49.6640625,40.586708068847656,47.59375,53.7265625,53.7265625,47.180419921875,59.59375,60.125,60.125,55.71832275390625,59.59375
dot_product,32,vectorized,16384,6,development,2,60.578125,7.5234375,7.5234375,0.5019454956054688,3.6875,48.9140625,48.9140625,40.714881896972656,47.59375,54.80859375,54.80859375,47.181396484375,51.59375,58.9609375,58.9609375,43.04645538330078,55.59375
dot_product,32,vectorized,16384,6,development,3,64.25390625,7.5234375,7.5234375,0.5022506713867188,3.6875,45.4140625,45.4140625,28.14324188232422,43.625,48.75390625,48.75390625,47.16266632080078,51.625,60.28515625,60.28515625,55.70099639892578,59.625
dot_product,32,vectorized,16384,6,development,4,57.37109375,7.5234375,7.5234375,0.5020980834960938,3.6875,49.1875,49.1875,40.71044921875,43.625,53.19921875,53.19921875,47.18560028076172,51.625,57.34375,57.34375,43.04087829589844,55.625
dot_product,32,vectorized,16384,6,development,5,64.5859375,7.52734375,7.52734375,0.5020980834960938,7.6875,49.40625,49.40625,40.586402893066406,47.59375,53.47265625,53.47265625,47.18049621582031,59.59375,60.37109375,60.37109375,55.71882629394531,59.59375
gx_kernel,4,scalar,16384,6,development,1,97.99609375,7.59375,7.59375,0.5019454956054688,3.6875,18.6796875,18.6796875,10.435676574707031,15.59375,55.703125,55.703125,41.96073913574219,63.59375,93.796875,93.796875,64.6747055053711,99.59375
gx_kernel,4,scalar,16384,6,development,2,107.33203125,7.515625,7.515625,0.5020980834960938,3.6875,18.2265625,18.2265625,10.435600280761719,15.59375,51.1875,51.1875,51.2764892578125,59.59375,91.72265625,91.72265625,74.68181610107422,99.59375
gx_kernel,4,scalar,16384,6,development,3,105.06640625,7.5234375,7.5234375,0.5022506713867188,7.6875,18.54296875,18.54296875,10.430770874023438,15.625,47.21875,47.21875,51.59710693359375,59.5625,92.9453125,92.9453125,92.69585418701172,103.5625
gx_kernel,4,scalar,16384,6,development,4,109.5546875,7.51953125,7.51953125,0.5019454956054688,7.6875,18.44140625,18.44140625,10.435569763183594,15.59375,51.671875,51.671875,51.59626770019531,63.59375,93.29296875,93.29296875,74.68167877197266,103.59375
gx_kernel,4,scalar,16384,6,development,5,102.4609375,7.6015625,7.6015625,0.5019454956054688,3.6875,19.26171875,19.26171875,10.417015075683594,15.59375,55.2109375,55.2109375,48.077919006347656,63.59375,101.34375,101.34375,62.67346954345703,103.59375
gx_kernel,4,vectorized,16384,6,development,1,55.5546875,7.515625,7.515625,0.5020980834960938,7.6875,18.4765625,18.4765625,10.435615539550781,15.59375,36.71484375,36.71484375,41.091758728027344,47.5625,54.46484375,54.46484375,53.5621337890625,59.5
gx_kernel,4,vectorized,16384,6,development,2,58.41015625,7.51953125,7.51953125,0.5019454956054688,7.6875,18.6171875,18.6171875,10.435462951660156,15.59375,36.69921875,36.69921875,41.091697692871094,47.59375,54.453125,54.453125,53.56196594238281,59.59375
gx_kernel,4,vectorized,16384,6,development,3,56.6484375,7.51171875,7.51171875,0.5020980834960938,3.6875,18.35546875,18.35546875,10.435935974121094,15.59375,38.55078125,38.55078125,43.11571502685547,47.5625,55.66015625,55.66015625,25.41407012939453,59.5625
gx_kernel,4,vectorized,16384,6,development,4,55.7421875,7.6015625,7.6015625,0.5020980834960938,3.6875,18.5078125,18.5078125,10.413925170898438,15.625,38.70703125,38.70703125,35.795066833496094,43.625,51.359375,51.359375,48.26533508300781,51.625
gx_kernel,4,vectorized,16384,6,development,5,54.06640625,7.59765625,7.59765625,0.5024032592773438,3.6875,18.5234375,18.5234375,10.436027526855469,15.59375,35.02734375,35.02734375,39.07403564453125,43.59375,52.75390625,52.75390625,51.54430389404297,55.59375
gx_kernel,8,scalar,16384,6,development,1,255.06640625,7.7421875,7.7421875,0.5020980834960938,7.6875,18.6171875,18.6171875,10.413650512695312,15.625,120.6640625,120.6640625,103.33786010742188,131.59375,247.3671875,251.1328125,135.71459197998047,259.59375
gx_kernel,8,scalar,16384,6,development,2,264.8515625,7.65625,7.65625,0.5019454956054688,3.6875,19.1484375,19.1484375,10.435966491699219,15.59375,126.94921875,126.94921875,96.0960464477539,135.59375,264.68359375,264.68359375,90.18411254882812,271.59375
gx_kernel,8,scalar,16384,6,development,3,263.28125,7.65625,7.65625,0.5022506713867188,7.6875,18.828125,18.828125,10.430450439453125,15.625,116.5234375,116.5234375,108.20650482177734,127.5625,252.76953125,255.62109375,146.72217559814453,263.5625
gx_kernel,8,scalar,16384,6,development,4,273.28125,7.6484375,7.6484375,0.5022506713867188,7.6875,18.65625,18.65625,10.435981750488281,15.59375,114.26171875,114.26171875,117.50115203857422,123.59375,262.63671875,263.62890625,167.7375259399414,271.59375
gx_kernel,8,scalar,16384,6,development,5,275.20703125,7.65234375,7.65234375,0.5020980834960938,7.6875,18.41015625,18.41015625,10.435768127441406,15.59375,129.625,129.625,89.97959899902344,139.59375,264.33203125,264.42578125,226.77941131591797,271.59375
gx_kernel,8,vectorized,16384,6,development,1,57.5234375,7.515625,7.515625,0.5019454956054688,3.6875,18.5390625,18.5390625,10.435569763183594,15.59375,37.921875,37.921875,42.152557373046875,47.53125,55.6796875,55.6796875,54.622825622558594,59.53125
gx_kernel,8,vectorized,16384,6,development,2,56.41015625,7.51953125,7.51953125,0.5020980834960938,3.6875,18.5625,18.5625,10.435615539550781,15.59375,38.12109375,38.12109375,42.15862274169922,43.59375,55.875,55.875,54.62889099121094,59.59375
gx_kernel,8,vectorized,16384,6,development,3,54.43359375,7.59765625,7.59765625,0.5019454956054688,3.6875,18.68359375,18.68359375,10.418922424316406,15.59375,41.171875,41.171875,34.51964569091797,51.59375,53.92578125,53.92578125,46.98991394042969,59.59375
gx_kernel,8,vectorized,16384,6,development,4,55.47265625,7.6328125,7.6328125,0.5019454956054688,3.6875,19.046875,19.046875,10.435676574707031,15.59375,35.2421875,35.2421875,39.47874450683594,43.59375,53.00390625,53.00390625,51.949012756347656,55.59375
gx_kernel,8,vectorized,16384,6,development,5,55.18359375,7.59765625,7.59765625,0.5019454956054688,3.6875,18.24609375,18.24609375,10.413604736328125,15.625,44.1484375,44.1484375,46.63587188720703,51.625,55.234375,55.234375,35.91443634033203,55.625
gx_kernel,16,scalar,16384,6,development,1,856.4375,7.79296875,7.79296875,0.5020980834960938,7.6875,19.046875,19.046875,10.436126708984375,15.59375,378.5078125,378.5078125,374.9559555053711,383.59375,855.578125,856.4375,294.11621856689453,859.46875
gx_kernel,16,scalar,16384,6,development,2,864.83984375,7.875,7.875,0.5024032592773438,7.6875,18.85546875,18.85546875,10.430717468261719,15.625,381.4609375,381.4609375,338.6238479614258,387.59375,852.45703125,852.45703125,655.0357055664062,855.5625
gx_kernel,16,scalar,16384,6,development,3,864.75390625,7.87109375,7.87109375,0.5020980834960938,3.6875,18.2734375,18.2734375,10.430198669433594,15.625,385.30078125,385.30078125,336.9848861694336,391.625,853.38671875,853.63671875,644.0277252197266,859.5625
gx_kernel,16,scalar,16384,6,development,4,850.9140625,7.8671875,7.8671875,0.5022506713867188,3.6875,18.91796875,18.91796875,10.419235229492188,15.59375,414.09765625,414.09765625,296.9106979370117,415.5625,843.4609375,845.14453125,522.9462356567383,843.53125
gx_kernel,16,scalar,16384,6,development,5,855.44921875,7.78515625,7.78515625,0.5019454956054688,3.6875,18.43359375,18.43359375,10.430656433105469,15.625,377.6171875,377.6171875,374.95621490478516,379.59375,854.05859375,855.44921875,287.7830810546875,859.53125
gx_kernel,16,vectorized,16384,6,development,1,57.296875,7.6015625,7.6015625,0.5019454956054688,3.6875,18.75,18.75,10.430252075195312,15.625,44.98046875,44.98046875,40.661720275878906,51.59375,57.16015625,57.16015625,25.651893615722656,63.59375
gx_kernel,16,vectorized,16384,6,development,2,52.9921875,7.515625,7.515625,0.5019454956054688,3.6875,18.55078125,18.55078125,10.435874938964844,15.59375,46.875,46.875,50.914390563964844,55.59375,52.84765625,52.84765625,46.672508239746094,59.59375
gx_kernel,16,vectorized,16384,6,development,3,57.3828125,7.515625,7.515625,0.5019454956054688,3.6875,18.9375,18.9375,10.417121887207031,15.59375,47.72265625,47.72265625,50.14740753173828,51.59375,57.32421875,57.32421875,42.66999053955078,59.59375
gx_kernel,16,vectorized,16384,6,development,4,53.1484375,7.59765625,7.59765625,0.5019454956054688,3.6875,18.52734375,18.52734375,10.435661315917969,15.59375,47.84765625,47.84765625,51.392364501953125,55.5625,52.6640625,52.6640625,47.67938232421875,59.5625
gx_kernel,16,vectorized,16384,6,development,5,54.484375,7.51953125,7.51953125,0.5024032592773438,7.6875,18.52734375,18.52734375,10.430923461914062,19.625,46.1328125,46.1328125,50.148170471191406,55.59375,53.73046875,53.73046875,44.67198944091797,63.59375
gy_kernel,4,scalar,16384,6,development,1,109.4609375,7.52734375,7.52734375,0.5020980834960938,7.6875,18.578125,18.578125,10.435615539550781,19.59375,49.875,49.875,51.59651184082031,59.59375,87.10546875,87.10546875,86.69051361083984,95.59375
gy_kernel,4,scalar,16384,6,development,2,102.59375,7.51953125,7.51953125,0.5019454956054688,3.6875,18.734375,18.734375,10.435569763183594,15.59375,54.06640625,54.06640625,47.11039733886719,63.59375,97.86328125,97.86328125,67.17678833007812,103.59375
gy_kernel,4,scalar,16384,6,development,3,103.83984375,7.51953125,7.51953125,0.5022506713867188,7.6875,18.796875,18.796875,10.411895751953125,15.625,55.53125,55.53125,49.57322692871094,63.625,100.3125,100.3125,70.17395782470703,107.625
gy_kernel,4,scalar,16384,6,development,4,108.33984375,7.59375,7.59375,0.5020980834960938,7.6875,18.42578125,18.42578125,10.413650512695312,15.625,56.796875,56.796875,59.61982727050781,67.59375,99.1640625,102.75,53.16815185546875,111.59375
gy_kernel,4,scalar,16384,6,development,5,111.41796875,7.60546875,7.60546875,0.5022506713867188,7.6875,18.58203125,18.58203125,10.436149597167969,15.59375,51.19921875,51.19921875,51.59675598144531,63.59375,92.7890625,92.7890625,79.6856918334961,103.59375
gy_kernel,4,vectorized,16384,6,development,1,61.12109375,7.66015625,7.66015625,0.5020980834960938,3.6875,18.546875,18.546875,10.435615539550781,15.59375,49.80078125,49.80078125,53.46723937988281,55.59375,59.43359375,59.43359375,53.45005798339844,59.59375
gy_kernel,4,vectorized,16384,6,development,2,65.89453125,7.6640625,7.6640625,0.5019454956054688,7.6875,18.625,18.625,10.435569763183594,15.59375,49.33984375,49.33984375,53.166168212890625,59.59375,61.7265625,61.7265625,58.55329132080078,67.59375
gy_kernel,4,vectorized,16384,6,development,3,68.296875,7.7421875,7.7421875,0.5019454956054688,3.6875,18.39453125,18.39453125,10.430191040039062,15.625,49.296875,49.296875,39.03917694091797,59.59375,63.015625,63.015625,61.160369873046875,67.59375
gy_kernel,4,vectorized,16384,6,development,4,65.9375,7.6640625,7.6640625,0.5019454956054688,7.6875,18.33984375,18.33984375,10.435447692871094,15.59375,50.17578125,50.17578125,54.017974853515625,59.59375,61.9375,61.9375,58.55297088623047,67.59375
gy_kernel,4,vectorized,16384,6,development,5,65.75390625,7.65625,7.65625,0.5020980834960938,3.6875,19.0,19.0,10.435722351074219,15.59375,49.48828125,49.48828125,53.166015625,55.59375,61.91015625,61.91015625,58.42711639404297,63.59375
gy_kernel,8,scalar,16384,6,development,1,290.53125,7.8125,7.8125,0.5020980834960938,7.6875,18.7578125,18.7578125,10.418968200683594,15.59375,128.84375,128.84375,129.88826751708984,135.59375,282.3671875,282.3671875,273.8084030151367,287.59375
gy_kernel,8,scalar,16384,6,development,2,300.11328125,7.83984375,7.83984375,0.507720947265625,3.65625,19.17578125,19.17578125,10.430984497070312,15.625,110.6484375,110.6484375,110.21965789794922,119.625,290.22265625,290.22265625,174.7349395751953,299.625
gy_kernel,8,scalar,16384,6,development,3,286.65234375,7.83203125,7.83203125,0.507415771484375,3.65625,18.96484375,18.96484375,10.413543701171875,15.625,129.4375,129.4375,130.4005355834961,135.625,283.9921875,283.9921875,88.69051361083984,287.53125
gy_kernel,8,scalar,16384,6,development,4,299.89453125,7.80859375,7.80859375,0.5022506713867188,7.6875,18.69921875,18.69921875,10.411880493164062,15.625,116.1953125,116.1953125,112.2431411743164,123.59375,294.07421875,297.390625,168.73632049560547,303.59375
gy_kernel,8,scalar,16384,6,development,5,302.94921875,7.80859375,7.80859375,0.5019454956054688,3.6875,18.671875,18.671875,10.417015075683594,15.59375,127.6796875,127.6796875,96.9367904663086,131.59375,293.03515625,297.83203125,118.7022933959961,299.59375
gy_kernel,8,vectorized,16384,6,development,1,61.93359375,7.59375,7.59375,0.5022506713867188,3.6875,18.703125,18.703125,10.4305419921875,15.625,50.71875,50.71875,54.43614196777344,59.5625,55.93359375,55.93359375,56.85392761230469,63.59375
gy_kernel,8,vectorized,16384,6,development,2,62.0625,7.58203125,7.58203125,0.5019454956054688,3.6875,18.80078125,18.80078125,10.435462951660156,15.59375,49.2265625,49.2265625,36.95851135253906,59.59375,55.87890625,55.87890625,57.37104797363281,63.59375
gy_kernel,8,vectorized,16384,6,development,3,54.7421875,7.5859375,7.5859375,0.5020980834960938,3.6875,18.5390625,18.5390625,10.435722351074219,15.59375,45.38671875,45.38671875,43.45281219482422,55.59375,54.76171875,54.76171875,36.66664123535156,59.59375
gy_kernel,8,vectorized,16384,6,development,4,64.25390625,7.515625,7.515625,0.5020980834960938,7.6875,18.61328125,18.61328125,10.430404663085938,15.625,49.85546875,49.85546875,39.03375244140625,59.59375,57.75390625,57.75390625,59.4462890625,67.59375
gy_kernel,8,vectorized,16384,6,development,5,53.62109375,7.58984375,7.58984375,0.5019454956054688,3.6875,18.69921875,18.69921875,10.413604736328125,15.625,43.23828125,43.23828125,46.588478088378906,51.625,53.47265625,53.47265625,45.67346954345703,59.59375
gy_kernel,16,scalar,16384,6,development,1,843.71484375,7.6953125,7.6953125,0.5019454956054688,3.6875,18.73828125,18.73828125,10.430152893066406,15.625,379.0546875,379.0546875,377.2635040283203,383.59375,832.9921875,832.9921875,577.9845886230469,835.5625
gy_kernel,16,scalar,16384,6,development,2,847.73828125,7.6953125,7.6953125,0.5022506713867188,3.6875,18.70703125,18.70703125,10.435882568359375,15.59375,371.890625,371.890625,352.76212310791016,375.5625,841.83203125,847.73828125,489.9275131225586,851.53125
gy_kernel,16,scalar,16384,6,development,3,879.37890625,7.77734375,7.77734375,0.5022506713867188,3.6875,18.9921875,18.9921875,7.162178039550781,15.53125,403.85546875,403.85546875,401.31468200683594,407.59375,871.5859375,871.5859375,632.0240173339844,871.5625
gy_kernel,16,scalar,16384,6,development,4,858.609375,7.6953125,7.6953125,0.5020980834960938,3.6875,18.75390625,18.75390625,10.43572998046875,15.59375,372.2890625,372.2890625,349.9748992919922,375.5625,783.5859375,858.609375,486.92517852783203,859.5
gy_kernel,16,scalar,16384,6,development,5,844.83203125,7.6953125,7.6953125,0.5020980834960938,7.6875,18.6875,18.6875,10.430503845214844,19.625,371.2421875,371.2421875,353.3773193359375,379.59375,839.05078125,844.83203125,492.9242401123047,851.5625
gy_kernel,16,vectorized,16384,6,development,1,68.7578125,7.58984375,7.58984375,0.5019454956054688,3.6875,18.45703125,18.45703125,10.430038452148438,15.625,51.4609375,51.4609375,38.959503173828125,59.59375,63.07421875,63.07421875,62.939064025878906,71.59375
gy_kernel,16,vectorized,16384,6,development,2,70.5078125,7.5859375,7.5859375,0.5020980834960938,3.6875,18.5,18.5,10.435935974121094,15.59375,51.23046875,51.23046875,42.43828582763672,59.59375,67.39453125,67.39453125,66.4178466796875,71.59375
gy_kernel,16,vectorized,16384,6,development,3,66.15625,7.50390625,7.50390625,0.5022506713867188,3.6875,18.34765625,18.34765625,10.4306640625,15.625,49.9765625,49.9765625,54.64402770996094,59.625,60.9296875,60.9296875,62.217681884765625,67.625
gy_kernel,16,vectorized,16384,6,development,4,59.359375,7.59375,7.59375,0.5019454956054688,7.6875,18.58203125,18.58203125,10.419181823730469,15.59375,48.19140625,48.19140625,51.13063049316406,55.59375,59.29296875,59.29296875,51.1781005859375,67.59375
gy_kernel,16,vectorized,16384,6,development,5,69.41015625,7.6171875,7.6171875,0.5019454956054688,3.6875,18.890625,18.890625,10.417015075683594,15.59375,55.046875,55.046875,38.95927429199219,63.59375,63.359375,63.359375,62.93883514404297,67.59375
hamming_dist,4,scalar,16384,6,holdout,1,56.9921875,7.66796875,7.66796875,0.5022506713867188,7.6875,18.7578125,18.7578125,10.435874938964844,15.59375,39.296875,39.296875,43.28577423095703,51.59375,56.94921875,56.94921875,31.918304443359375,63.59375
hamming_dist,4,scalar,16384,6,holdout,2,55.59375,7.6640625,7.6640625,0.5019454956054688,3.6875,18.3828125,18.3828125,10.430252075195312,15.625,39.07421875,39.07421875,38.05049133300781,47.625,55.72265625,55.72265625,24.902076721191406,59.625
hamming_dist,4,scalar,16384,6,holdout,3,55.64453125,7.75,7.75,0.5020980834960938,7.6875,19.09765625,19.09765625,10.413864135742188,15.625,47.6796875,47.6796875,49.65447998046875,55.625,55.5546875,55.5546875,46.500816345214844,59.625
hamming_dist,4,scalar,16384,6,holdout,4,60.13671875,7.66796875,7.66796875,0.5020980834960938,7.6875,18.29296875,18.29296875,10.435722351074219,19.59375,40.6875,40.6875,36.934417724609375,51.59375,59.21875,59.21875,54.79724884033203,67.59375
hamming_dist,4,scalar,16384,6,holdout,5,53.49609375,7.66796875,7.66796875,0.5019454956054688,7.6875,18.7265625,18.7265625,10.435462951660156,15.59375,38.91796875,38.91796875,43.15001678466797,47.59375,53.3359375,53.3359375,36.92570495605469,59.59375
hamming_dist,4,vectorized,16384,6,holdout,1,61.109375,7.70703125,7.70703125,0.5019454956054688,3.6875,37.42578125,37.42578125,25.149017333984375,35.625,50.4765625,50.4765625,49.97838592529297,55.625,60.5078125,60.5078125,56.766685485839844,63.625
hamming_dist,4,vectorized,16384,6,holdout,2,63.14453125,7.6953125,7.6953125,0.5022506713867188,7.6875,33.8671875,33.8671875,22.14691925048828,31.59375,46.55859375,46.55859375,49.984222412109375,55.59375,57.83984375,57.83984375,56.77252197265625,63.59375
hamming_dist,4,vectorized,16384,6,holdout,3,63.26953125,7.5546875,7.5546875,0.4967803955078125,3.71875,34.53125,34.53125,22.14655303955078,31.59375,45.6953125,45.6953125,49.983856201171875,55.59375,57.7421875,57.7421875,56.77215576171875,59.59375
hamming_dist,4,vectorized,16384,6,holdout,4,63.51953125,7.6796875,7.6796875,0.5022506713867188,7.6875,34.390625,34.390625,22.1414794921875,31.625,46.0,46.0,49.978797912597656,55.625,58.04296875,58.04296875,56.76709747314453,63.625
hamming_dist,4,vectorized,16384,6,holdout,5,62.75,7.6015625,7.6015625,0.5019454956054688,7.6875,37.30859375,37.30859375,25.14935302734375,35.59375,45.50390625,45.50390625,49.978721618652344,55.59375,57.5859375,57.5859375,56.76702117919922,63.59375
hamming_dist,8,scalar,16384,6,holdout,1,76.5234375,7.62890625,7.62890625,0.5019454956054688,3.6875,18.81640625,18.81640625,10.430343627929688,15.625,52.8125,52.8125,43.518348693847656,59.625,69.63671875,76.5234375,36.67060089111328,79.625
hamming_dist,8,scalar,16384,6,holdout,2,66.27734375,7.5546875,7.5546875,0.5019454956054688,7.6875,18.7109375,18.7109375,10.430145263671875,15.625,47.80859375,47.80859375,52.53126525878906,59.59375,65.71875,65.71875,58.95985412597656,71.5625
hamming_dist,8,scalar,16384,6,holdout,3,71.5078125,7.54296875,7.54296875,0.5020980834960938,3.6875,18.58984375,18.58984375,10.435508728027344,15.59375,50.48828125,50.48828125,50.90040588378906,59.59375,67.796875,71.5078125,47.944793701171875,75.59375
hamming_dist,8,scalar,16384,6,holdout,4,75.23828125,7.55078125,7.55078125,0.5019454956054688,3.6875,18.546875,18.546875,10.435447692871094,15.59375,51.35546875,51.35546875,51.59614562988281,59.59375,70.47265625,75.23828125,45.939178466796875,79.59375
hamming_dist,8,scalar,16384,6,holdout,5,73.96484375,7.54296875,7.54296875,0.5022506713867188,3.6875,18.5390625,18.5390625,10.435874938964844,15.59375,50.0390625,50.0390625,51.59657287597656,59.5625,72.13671875,73.96484375,47.94560241699219,75.5625
hamming_dist,8,vectorized,16384,6,holdout,1,62.1875,7.68359375,7.68359375,0.5020980834960938,3.6875,43.6953125,43.6953125,34.57758331298828,39.59375,54.04296875,54.04296875,53.10997772216797,55.59375,62.625,62.625,36.66779327392578,63.59375
hamming_dist,8,vectorized,16384,6,holdout,2,66.265625,7.6875,7.6875,0.5020980834960938,3.6875,43.3046875,43.3046875,31.163421630859375,39.59375,53.04296875,53.04296875,53.109840393066406,59.59375,64.47265625,64.47265625,60.90148162841797,67.59375
hamming_dist,8,vectorized,16384,6,holdout,3,64.78125,7.6875,7.6875,0.5019454956054688,3.6875,43.46484375,43.46484375,34.57781219482422,39.59375,49.51953125,49.51953125,53.10962677001953,55.59375,61.83203125,61.83203125,60.901695251464844,63.59375
hamming_dist,8,vectorized,16384,6,holdout,4,65.75390625,7.6875,7.6875,0.5020980834960938,7.6875,43.58203125,43.58203125,31.15790557861328,43.625,52.17578125,52.17578125,53.10432434082031,59.625,64.21484375,64.21484375,60.896392822265625,67.625
hamming_dist,8,vectorized,16384,6,holdout,5,66.640625,7.6796875,7.6796875,0.5020980834960938,3.6875,43.765625,43.765625,31.163436889648438,39.59375,52.44921875,52.44921875,53.10985565185547,55.59375,64.3828125,64.3828125,60.90192413330078,63.59375
hamming_dist,16,scalar,16384,6,holdout,1,103.40234375,7.5625,7.5625,0.5019454956054688,3.6875,18.53515625,18.53515625,10.435569763183594,15.59375,72.71484375,72.71484375,76.26195526123047,83.59375,100.2734375,103.40234375,30.16423797607422,107.59375
hamming_dist,16,scalar,16384,6,holdout,2,94.8984375,7.65625,7.65625,0.5019454956054688,7.6875,18.68359375,18.68359375,10.435462951660156,19.59375,69.15234375,69.15234375,72.8271713256836,79.59375,90.01953125,94.8984375,47.944061279296875,99.59375
hamming_dist,16,scalar,16384,6,holdout,3,97.46484375,7.5703125,7.5703125,0.5022506713867188,7.6875,18.60546875,18.60546875,10.435920715332031,15.59375,72.55859375,72.55859375,76.19367218017578,83.59375,92.9296875,97.46484375,39.42768096923828,103.59375
hamming_dist,16,scalar,16384,6,holdout,4,97.82421875,7.73046875,7.73046875,0.5022506713867188,3.65625,18.53515625,18.53515625,10.430557250976562,15.59375,73.4140625,73.4140625,77.05270385742188,83.59375,96.3671875,97.82421875,36.674888610839844,103.5625
hamming_dist,16,scalar,16384,6,holdout,5,105.26953125,7.56640625,7.56640625,0.5020980834960938,7.6875,18.23046875,18.23046875,10.419090270996094,15.59375,72.55078125,72.55078125,72.15734100341797,79.59375,105.1015625,105.1015625,90.51097869873047,107.59375
hamming_dist,16,vectorized,16384,6,holdout,1,66.81640625,7.60546875,7.60546875,0.5019454956054688,7.6875,49.5,49.5,40.58667755126953,47.59375,57.19921875,57.19921875,56.235755920410156,59.59375,67.32421875,67.32421875,39.79334259033203,67.59375
hamming_dist,16,vectorized,16384,6,holdout,2,67.609375,7.60546875,7.60546875,0.5020980834960938,3.6875,49.5,49.5,40.58204650878906,47.625,56.8984375,56.8984375,56.23114013671875,59.625,68.015625,68.015625,39.785736083984375,67.625
hamming_dist,16,vectorized,16384,6,holdout,3,68.76953125,7.6875,7.6875,0.5024032592773438,7.6875,49.390625,49.390625,40.71582794189453,47.59375,57.48046875,57.48046875,48.66705322265625,59.59375,63.83203125,63.83203125,57.464111328125,63.59375
hamming_dist,16,vectorized,16384,6,holdout,4,70.7265625,7.6796875,7.6796875,0.5022506713867188,3.6875,49.81640625,49.81640625,40.58751678466797,47.5625,54.45703125,54.45703125,56.23662567138672,63.5625,65.875,65.875,65.03325653076172,71.5625
hamming_dist,16,vectorized,16384,6,holdout,5,68.109375,7.6015625,7.6015625,0.5022506713867188,3.6875,49.36328125,49.36328125,40.58198547363281,47.625,53.81640625,53.81640625,56.231109619140625,63.625,65.8515625,65.8515625,65.02774047851562,71.625
hamming_dist,32,scalar,16384,6,holdout,1,166.20703125,7.67578125,7.67578125,0.5022506713867188,7.6875,18.55078125,18.55078125,10.419288635253906,15.59375,121.40234375,121.40234375,122.33395385742188,131.59375,147.82421875,166.20703125,28.41350555419922,171.5625
hamming_dist,32,scalar,16384,6,holdout,2,165.140625,7.66015625,7.66015625,0.5019454956054688,3.6875,19.3046875,19.3046875,10.430252075195312,15.625,120.53515625,120.53515625,123.0672607421875,127.5625,148.45703125,165.140625,31.916664123535156,167.53125
hamming_dist,32,scalar,16384,6,holdout,3,155.07421875,7.66015625,7.66015625,0.5020980834960938,3.6875,19.0390625,19.0390625,10.430831909179688,15.625,114.25390625,114.25390625,117.63819885253906,123.625,148.1015625,155.07421875,24.905899047851562,159.5625
hamming_dist,32,scalar,16384,6,holdout,4,167.75,7.7421875,7.7421875,0.5024032592773438,3.6875,18.76171875,18.76171875,10.436012268066406,15.59375,122.65234375,122.65234375,100.89493560791016,131.59375,98.484375,167.75,54.454795837402344,171.5625
hamming_dist,32,scalar,16384,6,holdout,5,173.83203125,7.6640625,7.6640625,0.5019454956054688,7.6875,18.5859375,18.5859375,10.435356140136719,19.59375,127.59375,127.59375,96.09583282470703,139.59375,100.6171875,173.83203125,47.943260192871094,179.5625
hamming_dist,32,vectorized,16384,6,holdout,1,71.65625,7.6328125,7.6328125,0.5019454956054688,3.6875,55.17578125,55.17578125,46.723976135253906,51.59375,63.0078125,63.0078125,62.380767822265625,63.59375,68.2578125,68.2578125,62.30083465576172,67.59375
hamming_dist,32,vectorized,16384,6,holdout,2,76.90625,7.6328125,7.6328125,0.5019454956054688,3.6875,55.1015625,55.1015625,46.71882629394531,51.625,64.44140625,64.44140625,53.269676208496094,63.625,72.203125,72.203125,65.38536834716797,71.625
hamming_dist,32,vectorized,16384,6,holdout,3,85.140625,7.5546875,7.5546875,0.5020980834960938,7.6875,55.03125,55.03125,46.72473907470703,55.59375,67.32421875,67.32421875,58.32945251464844,63.59375,79.4453125,79.4453125,70.44514465332031,75.59375
hamming_dist,32,vectorized,16384,6,holdout,4,84.58984375,7.65625,7.65625,0.5020980834960938,3.6875,55.62890625,55.62890625,28.141387939453125,51.59375,66.91796875,66.91796875,57.36066436767578,59.59375,79.046875,79.046875,69.47635650634766,71.59375
hamming_dist,32,vectorized,16384,6,holdout,5,77.50390625,7.5546875,7.5546875,0.5020980834960938,3.6875,55.54296875,55.54296875,46.71937561035156,51.59375,65.73828125,65.73828125,53.56025695800781,63.5625,72.375,72.375,65.67594909667969,71.5625
l2_distance,4,scalar,16384,6,development,1,55.0,7.64453125,7.64453125,0.5019454956054688,3.6875,18.4765625,18.4765625,10.419044494628906,15.59375,37.2265625,37.2265625,40.44026184082031,43.59375,52.81640625,52.81640625,51.291709899902344,55.59375
l2_distance,4,scalar,16384,6,development,2,55.5859375,7.6484375,7.6484375,0.5019454956054688,7.6875,18.46875,18.46875,10.435569763183594,15.59375,39.91015625,39.91015625,44.11015319824219,51.59375,55.140625,55.140625,24.15997314453125,63.59375
l2_distance,4,scalar,16384,6,development,3,52.62890625,7.8203125,7.8203125,0.5020980834960938,3.65625,18.546875,18.546875,10.419288635253906,15.5625,44.66015625,44.66015625,36.228759765625,51.5625,49.0546875,49.0546875,47.08020782470703,51.5625
l2_distance,4,scalar,16384,6,development,4,51.62890625,7.6484375,7.6484375,0.5022506713867188,3.6875,18.74609375,18.74609375,10.419334411621094,15.59375,43.84765625,43.84765625,36.03797912597656,51.59375,48.11328125,48.11328125,46.889427185058594,51.59375
l2_distance,4,scalar,16384,6,development,5,54.2890625,7.65234375,7.65234375,0.5019454956054688,7.6875,18.6796875,18.6796875,10.43023681640625,15.625,40.96484375,40.96484375,45.605247497558594,51.625,53.38671875,53.38671875,28.912261962890625,59.625
l2_distance,4,vectorized,16384,6,development,1,49.76953125,7.6796875,7.6796875,0.5019454956054688,3.6875,31.0546875,31.0546875,22.683258056640625,27.625,40.46875,40.46875,35.76978302001953,43.59375,45.73046875,45.73046875,40.79602813720703,47.59375
l2_distance,4,vectorized,16384,6,development,2,51.25390625,7.60546875,7.60546875,0.5022506713867188,7.6875,31.32421875,31.32421875,22.689491271972656,31.59375,39.9453125,39.9453125,37.06597900390625,43.59375,46.33984375,46.33984375,42.09222412109375,47.59375
l2_distance,4,vectorized,16384,6,development,3,50.22265625,7.6015625,7.6015625,0.5019454956054688,7.6875,30.609375,30.609375,22.68909454345703,31.59375,39.5703125,39.5703125,36.28794860839844,43.59375,45.33203125,45.33203125,41.31419372558594,47.59375
l2_distance,4,vectorized,16384,6,development,4,51.61328125,7.6796875,7.6796875,0.5020980834960938,3.6875,31.06640625,31.06640625,22.683746337890625,27.59375,39.17578125,39.17578125,37.797203063964844,43.625,46.8203125,46.8203125,42.823448181152344,47.625
l2_distance,4,vectorized,16384,6,development,5,50.640625,7.59375,7.59375,0.5020980834960938,3.6875,31.078125,31.078125,22.68932342529297,27.59375,39.71875,39.71875,35.149070739746094,39.59375,46.7265625,46.7265625,40.175315856933594,43.59375
l2_distance,8,scalar,16384,6,development,1,72.5546875,7.671875,7.671875,0.5020980834960938,7.6875,18.33984375,18.33984375,10.430191040039062,15.625,49.2421875,49.2421875,53.61475372314453,59.59375,71.9921875,71.9921875,30.919082641601562,75.59375
l2_distance,8,scalar,16384,6,development,2,69.27734375,7.75390625,7.75390625,0.5020980834960938,7.6875,18.54296875,18.54296875,10.435615539550781,15.59375,54.91796875,54.91796875,41.960784912109375,63.59375,67.01171875,67.01171875,63.83960723876953,71.59375
l2_distance,8,scalar,16384,6,development,3,63.6640625,7.7421875,7.7421875,0.5019454956054688,3.6875,18.94140625,18.94140625,10.435859680175781,15.59375,54.87890625,54.87890625,58.55322265625,63.59375,62.0625,62.0625,57.961387634277344,63.59375
l2_distance,8,scalar,16384,6,development,4,76.45703125,7.66015625,7.66015625,0.5022506713867188,3.6875,18.90625,18.90625,10.435981750488281,15.59375,52.43359375,52.43359375,51.5966796875,59.5625,75.30078125,75.30078125,73.47550201416016,79.5625
l2_distance,8,scalar,16384,6,development,5,74.20703125,7.74609375,7.74609375,0.5019454956054688,3.6875,18.6796875,18.6796875,10.413497924804688,15.625,54.40234375,54.40234375,46.05999755859375,63.59375,71.13671875,71.13671875,67.9388198852539,75.59375
l2_distance,8,vectorized,16384,6,development,1,52.14453125,7.60546875,7.60546875,0.5020980834960938,7.6875,34.14453125,34.14453125,22.141128540039062,31.625,36.56640625,36.56640625,40.92308044433594,47.625,48.21875,48.21875,47.45361328125,55.625
l2_distance,8,vectorized,16384,6,development,2,52.89453125,7.6875,7.6875,0.5019454956054688,7.6875,34.44921875,34.44921875,22.141220092773438,31.625,37.0078125,37.0078125,40.92317199707031,47.625,48.90625,48.90625,47.453704833984375,55.625
l2_distance,8,vectorized,16384,6,development,3,52.9296875,7.6015625,7.6015625,0.5020980834960938,3.6875,34.0078125,34.0078125,22.141220092773438,31.625,37.53515625,37.53515625,40.92327880859375,43.625,48.6875,48.6875,47.45381164550781,51.625
l2_distance,8,vectorized,16384,6,development,4,55.2109375,7.6875,7.6875,0.5020980834960938,3.6875,37.25,37.25,25.1492919921875,31.625,40.97265625,40.97265625,40.92329406738281,43.625,50.90625,50.90625,47.45384216308594,51.625
l2_distance,8,vectorized,16384,6,development,5,52.62109375,7.6796875,7.6796875,0.5022506713867188,3.6875,34.171875,34.171875,22.141281127929688,27.625,37.30859375,37.30859375,40.92323303222656,43.625,48.4765625,48.4765625,47.453765869140625,51.625
l2_distance,16,scalar,16384,6,development,1,93.84765625,7.69921875,7.69921875,0.5020980834960938,3.6875,18.7890625,18.7890625,10.430328369140625,15.625,73.94140625,73.94140625,77.54576873779297,83.59375,93.88671875,93.88671875,73.7365493774414,99.59375
l2_distance,16,scalar,16384,6,development,2,109.0390625,7.69921875,7.69921875,0.5020980834960938,3.6875,18.41796875,18.41796875,10.41375732421875,15.625,81.20703125,81.20703125,60.04772186279297,87.59375,107.7265625,107.7265625,103.98129272460938,111.59375
l2_distance,16,scalar,16384,6,development,3,94.1640625,7.70703125,7.70703125,0.5020980834960938,3.6875,18.57421875,18.57421875,10.41375732421875,15.625,72.80859375,72.80859375,75.17422485351562,79.59375,93.97265625,93.97265625,71.73528289794922,95.59375
l2_distance,16,scalar,16384,6,development,4,109.859375,7.703125,7.703125,0.5019454956054688,3.6875,18.45703125,18.45703125,10.413604736328125,15.625,76.80859375,76.80859375,65.53387451171875,83.625,105.78515625,109.859375,33.6697998046875,115.625
l2_distance,16,scalar,16384,6,development,5,94.86328125,7.62109375,7.62109375,0.5024032592773438,3.6875,18.54296875,18.54296875,10.43060302734375,15.625,72.95703125,72.95703125,76.56256866455078,79.59375,94.625,94.625,70.73057556152344,95.59375
l2_distance,16,vectorized,16384,6,development,1,59.4609375,7.6015625,7.6015625,0.5020980834960938,3.6875,43.37890625,43.37890625,31.15801239013672,39.59375,45.70703125,45.70703125,44.049171447753906,51.59375,55.35546875,55.35546875,52.084007263183594,55.59375
l2_distance,16,vectorized,16384,6,development,2,57.47265625,7.60546875,7.60546875,0.5020980834960938,3.6875,43.5390625,43.5390625,31.16363525390625,39.59375,45.7265625,45.7265625,44.0546875,51.59375,53.50390625,53.50390625,52.08909606933594,55.59375
l2_distance,16,vectorized,16384,6,development,3,59.39453125,7.68359375,7.68359375,0.5020980834960938,3.6875,43.48828125,43.48828125,31.163467407226562,39.59375,45.6640625,45.6640625,44.05451965332031,51.59375,55.4375,55.4375,52.08892822265625,55.59375
l2_distance,16,vectorized,16384,6,development,4,61.30078125,7.60546875,7.60546875,0.5020980834960938,7.6875,42.9296875,42.9296875,34.57273864746094,39.625,47.40234375,47.40234375,44.04938507080078,51.625,56.55078125,56.55078125,52.08422088623047,59.625
l2_distance,16,vectorized,16384,6,development,5,59.20703125,7.68359375,7.68359375,0.5020980834960938,3.6875,43.19921875,43.19921875,31.16326904296875,39.59375,45.71875,45.71875,44.0543212890625,51.59375,55.12109375,55.12109375,52.08872985839844,55.59375
l2_distance,32,scalar,16384,6,development,1,152.265625,7.7421875,7.7421875,0.5020980834960938,3.6875,18.90234375,18.90234375,10.418968200683594,15.59375,114.2265625,114.2265625,116.3587875366211,119.59375,151.671875,151.671875,119.31050872802734,151.5625
l2_distance,32,scalar,16384,6,development,2,178.3359375,7.66015625,7.66015625,0.5020980834960938,7.6875,18.58984375,18.58984375,10.419181823730469,15.59375,129.26171875,129.26171875,130.40606689453125,139.59375,168.97265625,178.3359375,24.158889770507812,183.5625
l2_distance,32,scalar,16384,6,development,3,163.21484375,7.6640625,7.6640625,0.5024032592773438,7.6875,18.65625,18.65625,10.436134338378906,15.59375,120.0078125,120.0078125,105.29772186279297,127.59375,159.39453125,163.21484375,80.24592590332031,167.5625
l2_distance,32,scalar,16384,6,development,4,169.296875,7.66015625,7.66015625,0.5019454956054688,3.6875,18.5703125,18.5703125,10.430145263671875,15.625,121.6015625,121.6015625,103.55245208740234,127.59375,166.78515625,169.296875,68.97352600097656,171.5625
l2_distance,32,scalar,16384,6,development,5,161.8046875,7.75,7.75,0.5020980834960938,7.6875,18.99609375,18.99609375,10.4302978515625,15.625,118.8828125,118.8828125,106.45157623291016,127.625,159.26171875,161.8046875,84.99751281738281,167.59375
l2_distance,32,vectorized,16384,6,development,1,61.76953125,7.60546875,7.60546875,0.5019454956054688,7.6875,46.41796875,46.41796875,34.1640625,43.59375,48.8203125,48.8203125,47.18009948730469,59.59375,57.8515625,57.8515625,56.71922302246094,63.59375
l2_distance,32,vectorized,16384,6,development,2,60.35546875,7.68359375,7.68359375,0.5020980834960938,3.6875,49.41015625,49.41015625,40.715293884277344,47.59375,53.4453125,53.4453125,47.18121337890625,55.59375,60.2265625,60.2265625,38.536705017089844,59.59375
l2_distance,32,vectorized,16384,6,development,3,60.73046875,7.68359375,7.68359375,0.5019454956054688,3.6875,49.59765625,49.59765625,40.586891174316406,47.59375,53.87109375,53.87109375,47.180633544921875,63.59375,59.28125,59.28125,56.719757080078125,63.59375
l2_distance,32,vectorized,16384,6,development,4,65.0859375,7.68359375,7.68359375,0.5019454956054688,3.6875,49.83984375,49.83984375,40.58710479736328,43.59375,53.87109375,53.87109375,47.18055725097656,55.59375,61.04296875,61.04296875,56.71968078613281,59.59375
l2_distance,32,vectorized,16384,6,development,5,65.76953125,7.6875,7.6875,0.5019454956054688,3.6875,49.54296875,49.54296875,40.58091735839844,47.625,53.84765625,53.84765625,47.175132751464844,55.625,61.6328125,61.6328125,56.714256286621094,59.625
lin_reg,4,scalar,16384,6,development,1,53.703125,7.6484375,7.6484375,0.5019454956054688,3.6875,18.98828125,18.98828125,10.435859680175781,15.59375,41.53515625,41.53515625,37.53779602050781,47.59375,49.51953125,49.51953125,50.695587158203125,55.59375
lin_reg,4,scalar,16384,6,development,2,54.3984375,7.5703125,7.5703125,0.5020980834960938,7.6875,18.57421875,18.57421875,10.435829162597656,19.59375,41.01171875,41.01171875,45.19230651855469,51.59375,52.76953125,52.76953125,31.66309356689453,63.59375
lin_reg,4,scalar,16384,6,development,3,55.47265625,7.56640625,7.56640625,0.5020980834960938,3.6875,18.73828125,18.73828125,10.435722351074219,15.59375,40.62109375,40.62109375,38.056053161621094,47.59375,49.73046875,49.73046875,51.213844299316406,55.59375
lin_reg,4,scalar,16384,6,development,4,55.41015625,7.6484375,7.6484375,0.5019454956054688,7.6875,18.4375,18.4375,10.41351318359375,19.625,40.7578125,40.7578125,38.05036926269531,51.625,49.4921875,49.4921875,51.208160400390625,59.625
lin_reg,4,scalar,16384,6,development,5,51.63671875,7.5703125,7.5703125,0.5022506713867188,7.6875,18.54296875,18.54296875,10.430770874023438,15.625,39.16015625,39.16015625,38.050994873046875,51.59375,48.42578125,48.42578125,51.20878601074219,59.59375
lin_reg,4,vectorized,16384,6,development,1,40.29296875,7.625,7.625,0.5020980834960938,3.6875,18.37890625,18.37890625,10.430282592773438,15.625,26.7265625,26.7265625,31.544281005859375,35.625,32.375,32.375,35.68744659423828,39.625
lin_reg,4,vectorized,16384,6,development,2,40.60546875,7.62890625,7.62890625,0.5019454956054688,7.6875,18.61328125,18.61328125,10.413711547851562,15.625,27.14453125,27.14453125,31.543930053710938,35.625,32.79296875,32.79296875,35.687095642089844,39.625
lin_reg,4,vectorized,16384,6,development,3,39.91015625,7.62109375,7.62109375,0.5020980834960938,7.6875,18.57421875,18.57421875,10.4302978515625,15.625,26.46484375,26.46484375,31.544296264648438,35.625,32.10546875,32.10546875,35.687461853027344,39.625
lin_reg,4,vectorized,16384,6,development,4,31.40234375,7.62109375,7.62109375,0.5019454956054688,3.6875,18.61328125,18.61328125,10.435569763183594,15.59375,27.203125,27.203125,31.549171447753906,35.59375,30.8203125,30.8203125,26.658294677734375,39.59375
lin_reg,4,vectorized,16384,6,development,5,36.2734375,7.6328125,7.6328125,0.5019454956054688,7.6875,18.64453125,18.64453125,10.435676574707031,15.59375,27.125,27.125,31.549171447753906,35.59375,30.8671875,30.8671875,31.508590698242188,39.59375
lin_reg,8,scalar,16384,6,development,1,72.79296875,7.5078125,7.5078125,0.5020980834960938,3.6875,18.296875,18.296875,10.435707092285156,15.59375,53.03125,53.03125,51.596649169921875,63.59375,72.80859375,72.80859375,33.662139892578125,79.59375
lin_reg,8,scalar,16384,6,development,2,73.30078125,7.609375,7.609375,0.5020980834960938,7.6875,18.68359375,18.68359375,10.435707092285156,15.59375,51.109375,51.109375,51.59651184082031,59.59375,72.5859375,72.5859375,36.667022705078125,79.59375
lin_reg,8,scalar,16384,6,development,3,72.953125,7.51953125,7.51953125,0.5020980834960938,7.6875,18.57421875,18.57421875,10.435615539550781,15.59375,53.859375,53.859375,50.09608459472656,63.59375,72.2265625,72.2265625,32.16120147705078,79.59375
lin_reg,8,scalar,16384,6,development,4,74.26953125,7.515625,7.515625,0.5020980834960938,7.6875,18.41796875,18.41796875,10.435813903808594,15.59375,51.40234375,51.40234375,51.59672546386719,59.59375,71.125,72.8203125,36.667015075683594,83.59375
lin_reg,8,scalar,16384,6,development,5,75.68359375,7.6015625,7.6015625,0.5019454956054688,7.6875,19.0234375,19.0234375,10.417335510253906,15.59375,55.1171875,55.1171875,49.57868194580078,63.59375,75.28515625,75.28515625,74.757080078125,83.5625
lin_reg,8,vectorized,16384,6,development,1,41.36328125,7.70703125,7.70703125,0.5024032592773438,3.6875,18.6796875,18.6796875,10.413955688476562,15.625,27.90234375,27.90234375,31.543838500976562,35.625,33.546875,33.546875,35.68700408935547,39.625
lin_reg,8,vectorized,16384,6,development,2,40.73046875,7.70703125,7.70703125,0.5020980834960938,7.6875,18.484375,18.484375,10.413650512695312,15.625,28.828125,28.828125,31.54906463623047,35.59375,32.96875,32.96875,35.692230224609375,39.59375
lin_reg,8,vectorized,16384,6,development,3,31.5234375,7.62109375,7.62109375,0.5020980834960938,3.6875,18.56640625,18.56640625,10.4302978515625,15.625,27.1484375,27.1484375,31.543899536132812,35.625,30.765625,30.765625,26.65302276611328,39.625
lin_reg,8,vectorized,16384,6,development,4,40.98046875,7.7109375,7.7109375,0.5020980834960938,7.6875,18.546875,18.546875,10.418968200683594,15.59375,28.828125,28.828125,31.548851013183594,35.59375,33.3515625,33.3515625,35.6920166015625,39.59375
lin_reg,8,vectorized,16384,6,development,5,33.609375,7.70703125,7.70703125,0.5019454956054688,3.6875,18.76953125,18.76953125,10.430191040039062,15.625,26.49609375,26.49609375,31.544082641601562,35.625,32.25390625,32.25390625,35.6883544921875,43.53125
lin_reg,16,scalar,16384,6,development,1,105.45703125,7.6640625,7.6640625,0.5020980834960938,3.6875,18.63671875,18.63671875,10.436042785644531,15.59375,72.96484375,72.96484375,76.19400787353516,83.59375,93.796875,93.796875,79.71588134765625,99.59375
lin_reg,16,scalar,16384,6,development,2,106.328125,7.7421875,7.7421875,0.5022506713867188,3.6875,18.609375,18.609375,10.413803100585938,15.625,75.31640625,75.31640625,78.20641326904297,83.625,90.609375,90.609375,87.72064971923828,99.625
lin_reg,16,scalar,16384,6,development,3,103.75,7.6640625,7.6640625,0.5020980834960938,7.6875,18.765625,18.765625,10.419075012207031,15.59375,71.89453125,71.89453125,70.50337219238281,79.59375,96.0234375,96.078125,69.70317077636719,103.59375
lin_reg,16,scalar,16384,6,development,4,103.1015625,7.7421875,7.7421875,0.5020980834960938,3.6875,18.51953125,18.51953125,10.430404663085938,15.625,73.46875,73.46875,71.54104614257812,79.59375,99.4296875,99.76171875,67.70021057128906,107.59375
lin_reg,16,scalar,16384,6,development,5,102.8203125,7.66796875,7.66796875,0.5020980834960938,7.6875,18.89453125,18.89453125,10.441146850585938,15.5625,71.20703125,71.20703125,74.18077850341797,79.5625,95.8515625,95.8515625,73.71327209472656,103.5625
lin_reg,16,vectorized,16384,6,development,1,39.34765625,7.6328125,7.6328125,0.5019454956054688,7.6875,18.95703125,18.95703125,10.435859680175781,15.59375,27.921875,27.921875,31.54871368408203,35.59375,33.56640625,33.56640625,35.69187927246094,39.59375
lin_reg,16,vectorized,16384,6,development,2,37.88671875,7.734375,7.734375,0.507568359375,7.65625,18.859375,18.859375,10.411895751953125,15.625,27.55078125,27.55078125,31.550460815429688,39.59375,33.19921875,33.19921875,35.693199157714844,43.59375
lin_reg,16,vectorized,16384,6,development,3,33.48046875,7.71875,7.71875,0.5022506713867188,3.6875,18.83984375,18.83984375,10.430557250976562,15.625,27.21875,27.21875,31.544158935546875,35.59375,32.9453125,32.9453125,23.651214599609375,39.59375
lin_reg,16,vectorized,16384,6,development,4,41.34765625,7.625,7.625,0.5024032592773438,3.6875,18.53515625,18.53515625,10.436012268066406,15.59375,27.77734375,27.77734375,31.549476623535156,35.59375,33.45703125,33.45703125,35.69264221191406,39.59375
lin_reg,16,vectorized,16384,6,development,5,31.48046875,7.62890625,7.62890625,0.5019454956054688,7.6875,18.6796875,18.6796875,10.435676574707031,15.59375,27.08984375,27.08984375,31.549171447753906,35.59375,30.7109375,30.7109375,26.658294677734375,39.59375
matrix_mul,4,scalar,16384,6,development,1,119.0859375,7.61328125,7.61328125,0.5020980834960938,3.6875,18.5703125,18.5703125,10.430404663085938,15.625,73.9296875,73.9296875,78.21180725097656,83.5625,118.75,118.75,84.27297973632812,119.5625
matrix_mul,4,scalar,16384,6,development,2,120.69921875,7.69140625,7.69140625,0.5019454956054688,3.6875,18.68359375,18.68359375,10.435554504394531,15.59375,75.8359375,75.8359375,79.56277465820312,83.59375,120.53125,120.53125,91.7967300415039,123.59375
matrix_mul,4,scalar,16384,6,development,3,115.08203125,7.69140625,7.69140625,0.5019454956054688,3.6875,18.87109375,18.87109375,10.435569763183594,15.59375,73.0078125,73.0078125,76.4679183959961,83.59375,114.5703125,114.5703125,86.03356170654297,119.59375
matrix_mul,4,scalar,16384,6,development,4,119.8203125,7.6171875,7.6171875,0.5022506713867188,3.6875,18.6640625,18.6640625,10.435768127441406,15.59375,72.625,72.625,76.19373321533203,79.59375,118.734375,118.734375,80.5107650756836,123.59375
matrix_mul,4,scalar,16384,6,development,5,118.5390625,7.6171875,7.6171875,0.5024032592773438,3.6875,18.66796875,18.66796875,10.430816650390625,15.625,74.03125,74.03125,78.21221923828125,83.59375,117.73828125,117.73828125,84.28331756591797,123.59375
matrix_mul,4,vectorized,16384,6,development,1,51.62890625,7.52734375,7.52734375,0.5019454956054688,3.6875,30.68359375,30.68359375,22.688636779785156,27.59375,40.55078125,40.55078125,37.78850555419922,39.59375,46.625,46.625,41.81395721435547,43.59375
matrix_mul,4,vectorized,16384,6,development,2,50.4375,7.60546875,7.60546875,0.5020980834960938,3.6875,30.8046875,30.8046875,22.683853149414062,27.625,39.10546875,39.10546875,37.80109405517578,39.59375,45.625,45.625,41.82654571533203,43.59375
matrix_mul,4,vectorized,16384,6,development,3,49.50390625,7.61328125,7.61328125,0.5020980834960938,7.6875,31.41015625,31.41015625,22.689125061035156,31.59375,39.13671875,39.13671875,36.28831481933594,43.59375,44.66015625,44.66015625,40.31376647949219,47.59375
matrix_mul,4,vectorized,16384,6,development,4,47.87890625,7.515625,7.515625,0.5022506713867188,3.6875,30.90234375,30.90234375,22.68920135498047,27.59375,40.640625,40.640625,34.207435607910156,43.59375,43.90234375,43.90234375,38.232887268066406,43.59375
matrix_mul,4,vectorized,16384,6,development,5,49.09765625,7.6171875,7.6171875,0.5020980834960938,7.6875,30.71484375,30.71484375,16.132408142089844,27.625,35.3828125,35.3828125,37.79730987548828,43.625,44.65234375,44.65234375,41.82233428955078,47.625
matrix_mul,8,scalar,16384,6,development,1,334.0625,7.71875,7.71875,0.5020980834960938,7.6875,18.54296875,18.54296875,10.430305480957031,15.625,213.74609375,213.74609375,172.43364715576172,219.625,318.11328125,334.0625,272.16625213623047,335.5625
matrix_mul,8,scalar,16384,6,development,2,328.125,7.71875,7.71875,0.5020980834960938,3.6875,18.62890625,18.62890625,10.435562133789062,15.59375,207.0390625,207.0390625,182.45369720458984,211.59375,194.78125,328.125,87.46592712402344,327.5625
matrix_mul,8,scalar,16384,6,development,3,328.7109375,7.80859375,7.80859375,0.5022506713867188,3.6875,18.85546875,18.85546875,10.435775756835938,15.59375,206.5546875,206.5546875,183.09146881103516,211.59375,204.87109375,328.7109375,91.22303009033203,327.5625
matrix_mul,8,scalar,16384,6,development,4,329.05859375,7.72265625,7.72265625,0.5022506713867188,3.6875,18.44921875,18.44921875,10.436080932617188,15.59375,212.10546875,212.10546875,175.7482681274414,219.59375,321.73046875,329.05859375,277.6946258544922,331.5625
matrix_mul,8,scalar,16384,6,development,5,328.12890625,7.7265625,7.7265625,0.5019454956054688,7.6875,18.62109375,18.62109375,10.430244445800781,19.625,212.1875,212.1875,175.3765640258789,223.59375,318.83203125,328.12890625,281.20092010498047,331.5625
matrix_mul,8,vectorized,16384,6,development,1,55.2421875,7.52734375,7.52734375,0.5022506713867188,3.6875,37.11328125,37.11328125,19.13896942138672,31.59375,41.62109375,41.62109375,40.920021057128906,43.59375,50.796875,50.796875,46.44976043701172,51.59375
matrix_mul,8,vectorized,16384,6,development,2,52.078125,7.5234375,7.5234375,0.5020980834960938,3.6875,33.8359375,33.8359375,22.141342163085938,27.625,37.34765625,37.34765625,40.92329406738281,43.625,47.51953125,47.51953125,46.452606201171875,47.625
matrix_mul,8,vectorized,16384,6,development,3,51.48046875,7.52734375,7.52734375,0.5022506713867188,7.6875,34.015625,34.015625,22.146751403808594,31.59375,36.66796875,36.66796875,40.92870330810547,47.59375,47.55859375,47.55859375,46.45844268798828,51.59375
matrix_mul,8,vectorized,16384,6,development,4,51.4140625,7.62890625,7.62890625,0.5019454956054688,7.6875,37.4609375,37.4609375,25.15416717529297,35.59375,39.61328125,39.61328125,40.928184509277344,47.59375,47.63671875,47.63671875,46.457923889160156,51.59375
matrix_mul,8,vectorized,16384,6,development,5,55.44140625,7.5234375,7.5234375,0.5022506713867188,7.6875,37.2109375,37.2109375,19.13884735107422,35.59375,42.13671875,42.13671875,40.919898986816406,47.59375,51.171875,51.171875,46.44963836669922,51.59375
matrix_mul,16,scalar,16384,6,development,1,1145.8828125,7.765625,7.765625,0.5020980834960938,3.65625,19.09375,19.09375,10.419082641601562,15.5625,740.27734375,740.27734375,638.1879272460938,739.5,861.953125,1145.8828125,242.83682250976562,1135.46875
matrix_mul,16,scalar,16384,6,development,2,1134.890625,7.80859375,7.80859375,0.507415771484375,3.625,19.10546875,19.10546875,10.435516357421875,15.5625,756.58203125,756.58203125,746.0943145751953,759.5625,870.22265625,1134.890625,636.9996566772461,1127.5
matrix_mul,16,scalar,16384,6,development,3,1152.2734375,7.8671875,7.8671875,0.5019454956054688,7.625,19.12109375,19.12109375,10.436019897460938,15.53125,764.6328125,764.6328125,604.8182601928711,767.5,1065.8671875,1152.2734375,903.3596649169922,1147.46875
matrix_mul,16,scalar,16384,6,development,4,1140.484375,7.8046875,7.8046875,0.5022506713867188,7.65625,19.20703125,19.20703125,10.411903381347656,15.59375,724.53515625,724.53515625,713.8048553466797,723.5625,752.5390625,1140.484375,514.7093505859375,1131.5
matrix_mul,16,scalar,16384,6,development,5,1133.265625,7.78125,7.78125,0.5022506713867188,3.65625,18.671875,18.671875,10.430564880371094,15.59375,755.6015625,755.6015625,746.0946655273438,755.53125,857.6875,1133.265625,631.4870452880859,1123.46875
matrix_mul,16,vectorized,16384,6,development,1,60.25390625,7.7109375,7.7109375,0.50726318359375,3.625,43.6484375,43.6484375,34.57813262939453,39.5625,47.921875,47.921875,44.05458068847656,51.5625,56.07421875,56.07421875,51.088623046875,55.5625
matrix_mul,16,vectorized,16384,6,development,2,58.37890625,7.5234375,7.5234375,0.5020980834960938,7.6875,43.51953125,43.51953125,31.163604736328125,39.59375,45.1015625,45.1015625,44.05464172363281,51.59375,54.515625,54.515625,51.0882568359375,55.59375
matrix_mul,16,vectorized,16384,6,development,3,59.75,7.640625,7.640625,0.50726318359375,7.65625,43.484375,43.484375,34.57720184326172,43.59375,47.6015625,47.6015625,44.054443359375,51.59375,55.87890625,55.87890625,51.08848571777344,59.59375
matrix_mul,16,vectorized,16384,6,development,4,62.94921875,7.60546875,7.60546875,0.5022506713867188,3.6875,42.890625,42.890625,34.701385498046875,39.625,50.96484375,50.96484375,42.53999328613281,47.59375,58.25390625,58.25390625,49.57403564453125,55.59375
matrix_mul,16,vectorized,16384,6,development,5,58.69140625,7.60546875,7.60546875,0.5020980834960938,3.6875,43.3828125,43.3828125,31.163482666015625,39.59375,45.640625,45.640625,44.054534912109375,51.59375,54.546875,54.546875,51.08815002441406,55.59375
max,4,scalar,16384,7,holdout,1,94.87890625,7.58203125,7.58203125,0.5020980834960938,3.6875,20.65625,20.65625,13.789779663085938,19.625,68.1015625,68.1015625,66.33746337890625,79.625,95.0078125,95.0078125,44.43041229248047,99.625
max,4,scalar,16384,7,holdout,2,89.07421875,7.671875,7.671875,0.5020980834960938,7.6875,20.84765625,20.84765625,13.794990539550781,19.59375,66.73828125,66.73828125,66.05170440673828,79.59375,87.4765625,89.07421875,47.943756103515625,95.59375
max,4,scalar,16384,7,holdout,3,92.8671875,7.65625,7.65625,0.5020980834960938,3.6875,20.81640625,20.81640625,13.789886474609375,19.625,68.63671875,68.63671875,65.35262298583984,79.59375,93.02734375,93.02734375,44.43699645996094,95.59375
max,4,scalar,16384,7,holdout,4,88.57421875,7.58984375,7.58984375,0.5022506713867188,7.6875,20.8046875,20.8046875,13.789932250976562,19.625,65.8515625,65.8515625,66.92027282714844,75.625,87.63671875,88.57421875,47.939964294433594,95.625
max,4,scalar,16384,7,holdout,5,90.5,7.578125,7.578125,0.5019454956054688,3.6875,21.09765625,21.09765625,13.794944763183594,19.59375,66.3828125,66.3828125,66.52994537353516,75.59375,88.9296875,90.5,47.94495391845703,95.59375
max,4,vectorized,16384,7,holdout,1,105.796875,7.50390625,7.50390625,0.5020980834960938,3.6875,31.6015625,31.6015625,24.429534912109375,31.625,87.55859375,87.55859375,58.33769989013672,95.625,102.6171875,102.6171875,98.01715087890625,103.625
max,4,vectorized,16384,7,holdout,2,97.484375,7.5859375,7.5859375,0.5022506713867188,3.6875,32.09765625,32.09765625,24.43500518798828,31.59375,84.08984375,84.08984375,83.96422576904297,87.59375,95.9921875,95.9921875,87.88423919677734,95.59375
max,4,vectorized,16384,7,holdout,3,96.359375,7.58984375,7.58984375,0.5020980834960938,7.6875,31.73828125,31.73828125,24.429534912109375,35.625,85.5546875,85.5546875,86.13343048095703,91.625,96.39453125,96.39453125,87.87886047363281,99.625
max,4,vectorized,16384,7,holdout,4,99.6796875,7.5234375,7.5234375,0.5020980834960938,7.6875,31.75390625,31.75390625,24.429428100585938,31.625,87.38671875,87.38671875,88.30430603027344,95.59375,97.55859375,97.55859375,91.64066314697266,99.59375
max,4,vectorized,16384,7,holdout,5,105.0546875,7.51171875,7.51171875,0.5019454956054688,7.6875,31.515625,31.515625,24.429428100585938,35.625,87.9921875,87.9921875,58.337486267089844,95.625,102.4921875,102.4921875,98.01687622070312,107.625
poly_derivative,4,scalar,16384,6,development,1,45.37890625,7.5234375,7.5234375,0.5019454956054688,3.6875,18.71484375,18.71484375,10.435844421386719,15.59375,23.8046875,23.8046875,28.53070068359375,31.59375,36.00390625,36.00390625,32.16777801513672,39.59375
poly_derivative,4,scalar,16384,6,development,2,46.0078125,7.51953125,7.51953125,0.5019454956054688,3.6875,18.4140625,18.4140625,10.435569763183594,15.59375,23.95703125,23.95703125,28.530715942382812,31.59375,34.90234375,34.90234375,32.92259979248047,39.59375
poly_derivative,4,scalar,16384,6,development,3,44.7734375,7.52734375,7.52734375,0.5019454956054688,7.6875,18.46875,18.46875,10.435356140136719,15.59375,23.765625,23.765625,28.5303955078125,35.59375,39.0078125,39.0078125,32.16755676269531,43.59375
poly_derivative,4,scalar,16384,6,development,4,46.4765625,7.5234375,7.5234375,0.5020980834960938,3.6875,18.4609375,18.4609375,10.435722351074219,15.59375,24.03515625,24.03515625,28.53076171875,31.59375,34.97265625,34.97265625,32.922645568847656,39.59375
poly_derivative,4,scalar,16384,6,development,5,41.87890625,7.53125,7.53125,0.5020980834960938,3.6875,17.9296875,17.9296875,10.417503356933594,15.59375,25.48828125,25.48828125,28.53227996826172,31.59375,40.16796875,40.16796875,26.409820556640625,43.59375
poly_derivative,8,scalar,16384,6,development,1,43.73046875,7.60546875,7.60546875,0.5020980834960938,3.6875,18.51953125,18.51953125,10.435722351074219,15.59375,24.08984375,24.08984375,28.530685424804688,31.5625,40.953125,40.953125,40.06874084472656,43.5625
poly_derivative,8,scalar,16384,6,development,2,45.80859375,7.52734375,7.52734375,0.5022506713867188,7.6875,18.86328125,18.86328125,10.435768127441406,19.59375,23.78515625,23.78515625,28.530807495117188,35.59375,34.8515625,34.8515625,32.92298126220703,39.59375
poly_derivative,8,scalar,16384,6,development,3,42.19140625,7.5234375,7.5234375,0.5019454956054688,3.6875,17.7265625,17.7265625,10.412246704101562,15.625,23.2421875,23.2421875,28.527313232421875,31.625,39.14453125,39.14453125,40.06494140625,43.625
poly_derivative,8,scalar,16384,6,development,4,50.0703125,7.609375,7.609375,0.5020980834960938,3.6875,18.7421875,18.7421875,10.435722351074219,15.59375,23.9765625,23.9765625,28.53076171875,31.5625,40.74609375,40.74609375,40.068817138671875,43.5625
poly_derivative,8,scalar,16384,6,development,5,46.21484375,7.52734375,7.52734375,0.5022964477539062,3.6875,18.46484375,18.46484375,10.435920715332031,15.59375,23.19140625,23.19140625,28.530960083007812,31.59375,35.14453125,35.14453125,32.92644500732422,39.59375
poly_derivative,16,scalar,16384,6,development,1,41.92578125,7.54296875,7.54296875,0.5019454956054688,7.6875,18.58984375,18.58984375,10.435569763183594,15.59375,24.09375,24.09375,28.530609130859375,35.59375,40.9921875,40.9921875,40.06977081298828,47.5
poly_derivative,16,scalar,16384,6,development,2,45.08984375,7.52734375,7.52734375,0.5019454956054688,7.6875,18.57421875,18.57421875,10.435569763183594,15.59375,23.92578125,23.92578125,28.53082275390625,35.59375,36.18359375,36.18359375,32.16790008544922,43.59375
poly_derivative,16,scalar,16384,6,development,3,42.7578125,7.5234375,7.5234375,0.5019454956054688,7.6875,18.55859375,18.55859375,10.419059753417969,15.59375,24.81640625,24.81640625,28.530593872070312,35.59375,41.6171875,41.6171875,40.06864929199219,47.59375
poly_derivative,16,scalar,16384,6,development,4,44.8828125,7.52734375,7.52734375,0.5019454956054688,7.6875,18.6796875,18.6796875,10.435676574707031,19.59375,24.0390625,24.0390625,28.53082275390625,35.59375,39.8359375,39.8359375,32.16755676269531,43.59375
poly_derivative,16,scalar,16384,6,development,5,41.62890625,7.5234375,7.5234375,0.5019454956054688,3.6875,18.27734375,18.27734375,10.43023681640625,15.625,23.19140625,23.19140625,28.525672912597656,31.625,37.56640625,37.56640625,27.91063690185547,43.59375
poly_reg,4,scalar,16384,6,development,1,68.34375,7.59765625,7.59765625,0.5019454956054688,3.6875,18.76171875,18.76171875,10.436073303222656,15.59375,53.87109375,53.87109375,58.5614013671875,63.59375,67.734375,67.734375,51.210365295410156,71.59375
poly_reg,4,scalar,16384,6,development,2,72.0234375,7.5234375,7.5234375,0.5020980834960938,7.6875,18.66796875,18.66796875,10.436119079589844,15.59375,57.27734375,57.27734375,60.151695251464844,67.59375,71.92578125,71.92578125,45.70098876953125,79.59375
poly_reg,4,scalar,16384,6,development,3,73.68359375,7.6015625,7.6015625,0.5020980834960938,3.6875,18.74609375,18.74609375,10.435615539550781,15.59375,58.5546875,58.5546875,62.32182312011719,67.59375,73.3046875,73.3046875,47.453399658203125,79.59375
poly_reg,4,scalar,16384,6,development,4,74.80078125,7.5234375,7.5234375,0.5024032592773438,7.6875,18.56640625,18.56640625,10.435920715332031,19.59375,60.4375,60.4375,64.18843841552734,71.59375,74.26953125,74.26953125,49.2060546875,83.59375
poly_reg,4,scalar,16384,6,development,5,73.53125,7.4765625,7.4765625,0.4967803955078125,7.71875,18.5546875,18.5546875,10.435615539550781,19.59375,54.8125,54.8125,55.550872802734375,63.59375,73.27734375,73.27734375,33.17168426513672,83.59375
poly_reg,4,vectorized,16384,6,development,1,44.8125,7.51171875,7.51171875,0.5020980834960938,3.6875,18.38671875,18.38671875,10.435615539550781,15.59375,30.85546875,30.85546875,34.537353515625,39.59375,40.1171875,40.1171875,39.3143310546875,43.59375
poly_reg,4,vectorized,16384,6,development,2,44.9140625,7.51171875,7.51171875,0.5020980834960938,3.6875,18.5078125,18.5078125,10.430496215820312,15.625,33.15625,33.15625,34.342742919921875,43.59375,39.84375,39.84375,39.119720458984375,43.59375
poly_reg,4,vectorized,16384,6,development,3,46.3359375,7.51171875,7.51171875,0.5019454956054688,7.6875,18.390625,18.390625,10.435676574707031,15.59375,31.28515625,31.28515625,35.70886993408203,39.59375,40.55078125,40.55078125,40.48584747314453,47.59375
poly_reg,4,vectorized,16384,6,development,4,45.73828125,7.6015625,7.6015625,0.5019454956054688,3.6875,18.66015625,18.66015625,10.435676574707031,15.59375,37.38671875,37.38671875,40.604400634765625,43.59375,44.8359375,44.8359375,29.41541290283203,47.59375
poly_reg,4,vectorized,16384,6,development,5,43.87890625,7.63671875,7.63671875,0.5020980834960938,3.6875,18.61328125,18.61328125,10.430496215820312,15.625,35.79296875,35.79296875,31.497390747070312,43.625,41.55859375,41.55859375,36.27436828613281,43.625
poly_reg,8,scalar,16384,6,development,1,123.69140625,7.6171875,7.6171875,0.5020980834960938,3.6875,18.58984375,18.58984375,10.435920715332031,15.59375,93.2421875,93.2421875,68.32576751708984,99.59375,113.8671875,113.8671875,112.50225067138672,119.59375
poly_reg,8,scalar,16384,6,development,2,122.2890625,7.61328125,7.61328125,0.5022506713867188,3.6875,18.734375,18.734375,10.435981750488281,15.59375,92.578125,92.578125,69.40522003173828,103.59375,118.5,118.5,113.58189392089844,127.59375
poly_reg,8,scalar,16384,6,development,3,122.5703125,7.69921875,7.69921875,0.5024032592773438,7.6875,18.62109375,18.62109375,10.435920715332031,15.59375,92.83984375,92.83984375,69.39754486083984,103.59375,119.44140625,119.44140625,113.57408905029297,131.59375
poly_reg,8,scalar,16384,6,development,4,104.08984375,7.60546875,7.60546875,0.5019454956054688,3.6875,18.609375,18.609375,10.411575317382812,15.625,78.3203125,78.3203125,78.14085388183594,87.59375,104.015625,104.015625,57.22228240966797,111.59375
poly_reg,8,scalar,16384,6,development,5,109.6875,7.69921875,7.69921875,0.5020980834960938,3.6875,18.66796875,18.66796875,10.435615539550781,15.59375,84.3125,84.3125,74.46343994140625,95.59375,106.57421875,109.6875,41.93310546875,119.59375
poly_reg,8,vectorized,16384,6,development,1,44.375,7.59375,7.59375,0.5020980834960938,3.6875,17.875,17.875,10.417152404785156,15.59375,34.80078125,34.80078125,40.60639190673828,43.59375,43.6953125,43.6953125,25.408645629882812,47.59375
poly_reg,8,vectorized,16384,6,development,2,45.89453125,7.515625,7.515625,0.5019454956054688,7.6875,18.578125,18.578125,10.43035888671875,15.625,35.84765625,35.84765625,40.599830627441406,47.625,44.734375,44.734375,25.408714294433594,51.59375
poly_reg,8,vectorized,16384,6,development,3,46.6640625,7.51171875,7.51171875,0.5020980834960938,3.6875,18.9140625,18.9140625,10.415306091308594,15.59375,32.48828125,32.48828125,35.05530548095703,39.59375,41.01953125,41.01953125,39.83228302001953,43.59375
poly_reg,8,vectorized,16384,6,development,4,46.5,7.6171875,7.6171875,0.5020980834960938,3.6875,18.81640625,18.81640625,10.418968200683594,15.59375,38.0859375,38.0859375,40.604217529296875,43.59375,45.1875,45.1875,28.731361389160156,51.53125
poly_reg,8,vectorized,16384,6,development,5,46.6484375,7.515625,7.515625,0.5024032592773438,3.6875,18.58203125,18.58203125,10.436012268066406,15.59375,31.5625,31.5625,35.821815490722656,39.59375,40.83984375,40.83984375,40.598793029785156,43.59375
poly_reg,16,scalar,16384,6,development,1,188.86328125,7.65625,7.65625,0.5022506713867188,7.6875,18.90234375,18.90234375,10.436271667480469,15.59375,147.94921875,147.94921875,149.91129302978516,155.59375,175.99609375,175.99609375,167.95782470703125,183.59375
poly_reg,16,scalar,16384,6,development,2,176.9765625,7.734375,7.734375,0.5019454956054688,3.6875,18.89453125,18.89453125,10.418922424316406,15.59375,136.49609375,136.49609375,134.30072021484375,139.59375,174.4921875,174.4921875,112.83615112304688,183.5625
poly_reg,16,scalar,16384,6,development,3,195.359375,7.74609375,7.74609375,0.5020980834960938,3.6875,18.41796875,18.41796875,10.435523986816406,15.59375,151.296875,151.296875,153.17768096923828,159.59375,184.76953125,184.76953125,179.48989868164062,195.5625
poly_reg,16,scalar,16384,6,development,4,188.5078125,7.65234375,7.65234375,0.5020980834960938,3.6875,19.015625,19.015625,10.435707092285156,15.59375,147.79296875,147.79296875,149.8311538696289,155.59375,176.9921875,176.9921875,167.95711517333984,183.59375
poly_reg,16,scalar,16384,6,development,5,194.4375,7.65625,7.65625,0.5020980834960938,3.6875,18.97265625,18.97265625,10.436164855957031,15.59375,150.48046875,150.48046875,151.94622802734375,155.59375,181.28125,181.28125,175.4748764038086,187.5625
poly_reg,16,vectorized,16384,6,development,1,47.1015625,7.59765625,7.59765625,0.5020980834960938,3.6875,18.46484375,18.46484375,10.435615539550781,15.59375,32.15625,32.15625,36.555259704589844,39.59375,41.4296875,41.4296875,41.332237243652344,43.59375
poly_reg,16,vectorized,16384,6,development,2,46.80078125,7.51171875,7.51171875,0.5020980834960938,3.6875,18.484375,18.484375,10.435615539550781,15.59375,31.609375,31.609375,36.061866760253906,39.5625,40.88671875,40.88671875,40.838844299316406,43.5625
poly_reg,16,vectorized,16384,6,development,3,46.0546875,7.59375,7.59375,0.5019454956054688,3.6875,18.55859375,18.55859375,10.418922424316406,15.59375,37.53515625,37.53515625,40.60418701171875,43.59375,44.93359375,44.93359375,45.38116455078125,51.59375
poly_reg,16,vectorized,16384,6,development,4,47.3046875,7.60546875,7.60546875,0.5019454956054688,7.6875,18.875,18.875,10.413711547851562,15.625,37.6953125,37.6953125,40.598976135253906,47.625,45.09765625,45.09765625,45.375953674316406,51.625
poly_reg,16,vectorized,16384,6,development,5,45.62109375,7.59765625,7.59765625,0.5020980834960938,7.6875,18.47265625,18.47265625,10.419075012207031,19.59375,37.390625,37.390625,40.60443115234375,47.59375,44.78125,44.78125,45.38140869140625,51.59375
roberts_cross,4,scalar,16384,6,development,1,92.55859375,7.66796875,7.66796875,0.5019454956054688,7.6875,18.6328125,18.6328125,10.430145263671875,15.625,51.13671875,51.13671875,50.93987274169922,59.5625,87.390625,87.390625,71.97589111328125,91.5625
roberts_cross,4,scalar,16384,6,development,2,91.08984375,7.74609375,7.74609375,0.5020980834960938,3.6875,18.5859375,18.5859375,10.430404663085938,15.625,49.92578125,49.92578125,54.12702178955078,59.625,90.08984375,90.08984375,71.98137664794922,91.59375
roberts_cross,4,scalar,16384,6,development,3,91.81640625,7.6640625,7.6640625,0.5020980834960938,3.6875,18.92578125,18.92578125,10.436225891113281,15.59375,50.89453125,50.89453125,51.30986022949219,59.59375,86.09375,86.09375,70.98091125488281,87.59375
roberts_cross,4,scalar,16384,6,development,4,96.51171875,7.78125,7.78125,0.5020980834960938,3.6875,19.1328125,19.1328125,10.417060852050781,15.59375,55.1875,55.1875,49.578392028808594,59.59375,90.76171875,90.76171875,64.97109985351562,91.59375
roberts_cross,4,scalar,16384,6,development,5,92.828125,7.66796875,7.66796875,0.5020980834960938,7.6875,19.12109375,19.12109375,10.436119079589844,15.59375,49.6796875,49.6796875,53.10900115966797,59.59375,92.65234375,92.65234375,71.9817886352539,95.59375
roberts_cross,4,vectorized,16384,6,development,1,50.5,7.6171875,7.6171875,0.5019454956054688,3.6875,18.6015625,18.6015625,10.418922424316406,15.59375,41.46875,41.46875,34.519752502441406,47.59375,47.81640625,47.81640625,45.301475524902344,51.59375
roberts_cross,4,vectorized,16384,6,development,2,56.140625,7.515625,7.515625,0.5024032592773438,7.6875,18.48046875,18.48046875,10.436027526855469,15.59375,37.76171875,37.76171875,41.96166229248047,47.59375,53.56640625,53.56640625,52.743385314941406,59.59375
roberts_cross,4,vectorized,16384,6,development,3,55.875,7.68359375,7.68359375,0.5024032592773438,7.65625,18.390625,18.390625,10.431106567382812,15.59375,35.98046875,35.98046875,38.55626678466797,43.5625,51.625,51.625,49.337989807128906,55.5625
roberts_cross,4,vectorized,16384,6,development,4,52.6171875,7.5078125,7.5078125,0.5020980834960938,3.6875,18.7578125,18.7578125,10.436210632324219,15.59375,35.7578125,35.7578125,37.055519104003906,47.59375,48.25390625,48.25390625,47.837242126464844,51.59375
roberts_cross,4,vectorized,16384,6,development,5,52.48828125,7.59765625,7.59765625,0.5019454956054688,3.6875,18.84765625,18.84765625,10.435859680175781,15.59375,37.90234375,37.90234375,36.33464050292969,47.59375,50.66796875,50.66796875,47.116363525390625,55.59375
roberts_cross,8,scalar,16384,6,development,1,257.01171875,7.73828125,7.73828125,0.5020980834960938,7.6875,18.88671875,18.88671875,10.435905456542969,15.59375,115.4140625,115.4140625,107.68876647949219,123.59375,175.05078125,257.01171875,82.95885467529297,259.5625
roberts_cross,8,scalar,16384,6,development,2,243.78515625,7.6484375,7.6484375,0.5020980834960938,7.6875,18.671875,18.671875,10.430404663085938,15.625,116.91015625,116.91015625,120.31580352783203,127.59375,238.66015625,243.78515625,127.03498077392578,247.5625
roberts_cross,8,scalar,16384,6,development,3,259.53125,7.86328125,7.86328125,0.5020980834960938,3.6875,19.2109375,19.2109375,10.417381286621094,15.59375,126.48046875,126.48046875,98.11465454101562,131.59375,256.58203125,256.58203125,185.14344024658203,255.5625
roberts_cross,8,scalar,16384,6,development,4,254.24609375,7.71484375,7.71484375,0.5019454956054688,3.6875,18.60546875,18.60546875,10.43035888671875,15.625,124.390625,124.390625,101.40052032470703,131.59375,250.1015625,250.1015625,188.15036010742188,251.5625
roberts_cross,8,scalar,16384,6,development,5,250.78125,7.71484375,7.71484375,0.5020980834960938,3.6875,18.90625,18.90625,10.435615539550781,15.59375,111.984375,111.984375,114.26101684570312,119.5625,182.92578125,250.78125,109.00391387939453,251.53125
roberts_cross,8,vectorized,16384,6,development,1,56.1796875,7.546875,7.546875,0.5020980834960938,7.6875,18.49609375,18.49609375,10.435859680175781,15.59375,37.78125,37.78125,42.01622772216797,47.59375,53.57421875,53.57421875,52.797950744628906,59.59375
roberts_cross,8,vectorized,16384,6,development,2,54.41796875,7.59765625,7.59765625,0.5020980834960938,3.6875,18.33203125,18.33203125,10.430389404296875,15.625,37.8125,37.8125,42.58705139160156,47.625,53.62890625,53.62890625,53.3687744140625,55.625
roberts_cross,8,vectorized,16384,6,development,3,49.1796875,7.58984375,7.58984375,0.5020980834960938,3.6875,18.37890625,18.37890625,10.41375732421875,15.625,44.25,44.25,32.95696258544922,51.59375,47.765625,47.765625,43.738685607910156,51.59375
roberts_cross,8,vectorized,16384,6,development,4,52.0546875,7.6015625,7.6015625,0.5022506713867188,3.6875,18.69921875,18.69921875,10.436164855957031,15.59375,39.5625,39.5625,35.85282897949219,47.59375,48.07421875,48.07421875,46.634552001953125,51.59375
roberts_cross,8,vectorized,16384,6,development,5,56.671875,7.515625,7.515625,0.5020980834960938,7.6875,18.59375,18.59375,10.435615539550781,15.59375,37.5390625,37.5390625,41.865943908691406,47.59375,53.39453125,53.39453125,52.647796630859375,59.59375
roberts_cross,16,scalar,16384,6,development,1,674.40234375,7.8359375,7.8359375,0.5019454956054688,7.6875,19.00390625,19.00390625,10.435760498046875,19.59375,373.61328125,373.61328125,371.4885482788086,379.59375,517.42578125,674.40234375,290.1565856933594,675.5625
roberts_cross,16,scalar,16384,6,development,2,652.9765625,7.828125,7.828125,0.5020980834960938,3.6875,19.60546875,19.60546875,10.436019897460938,15.59375,374.53515625,374.53515625,348.20240020751953,379.5625,501.24609375,652.9765625,261.11021423339844,651.5
roberts_cross,16,scalar,16384,6,development,3,669.62890625,7.8359375,7.8359375,0.5019454956054688,7.6875,18.6796875,18.6796875,10.430366516113281,15.625,382.48828125,382.48828125,338.62390899658203,387.59375,669.4921875,669.62890625,534.6352920532227,667.5625
roberts_cross,16,scalar,16384,6,development,4,654.29296875,7.87109375,7.87109375,0.5020980834960938,3.6875,19.06640625,19.06640625,10.436233520507812,15.59375,370.203125,370.203125,352.7587585449219,375.59375,512.39453125,654.29296875,272.12622833251953,651.5625
roberts_cross,16,scalar,16384,6,development,5,667.171875,7.875,7.875,0.5024032592773438,3.6875,19.19140625,19.19140625,10.4359130859375,15.59375,374.03515625,374.03515625,371.8531723022461,379.59375,522.7734375,667.171875,292.15818786621094,667.5625
roberts_cross,16,vectorized,16384,6,development,1,52.875,7.46484375,7.46484375,0.4966278076171875,3.71875,18.6875,18.6875,10.435356140136719,15.59375,34.37890625,34.37890625,38.84722900390625,43.59375,48.171875,48.171875,47.62654113769531,51.59375
roberts_cross,16,vectorized,16384,6,development,2,47.6796875,7.59375,7.59375,0.5019454956054688,3.6875,18.578125,18.578125,10.435569763183594,15.59375,39.03125,39.03125,33.064674377441406,47.59375,44.546875,44.546875,41.84398651123047,47.59375
roberts_cross,16,vectorized,16384,6,development,3,49.2578125,7.515625,7.515625,0.5020980834960938,7.6875,18.8125,18.8125,10.436119079589844,15.59375,37.7421875,37.7421875,43.6348876953125,51.59375,47.9140625,47.9140625,29.414146423339844,55.59375
roberts_cross,16,vectorized,16384,6,development,4,53.28125,7.51953125,7.51953125,0.5019454956054688,7.6875,18.125,18.125,10.435554504394531,15.59375,34.75390625,34.75390625,39.080047607421875,43.59375,48.546875,48.546875,47.85935974121094,51.59375
roberts_cross,16,vectorized,16384,6,development,5,53.765625,7.51171875,7.51171875,0.5022506713867188,3.6875,18.22265625,18.22265625,10.435661315917969,15.59375,35.1484375,35.1484375,39.573974609375,43.59375,48.9453125,48.9453125,48.35328674316406,51.59375
sobel,4,scalar,16384,6,holdout,1,144.3515625,7.69921875,7.69921875,0.5019454956054688,7.6875,18.53125,18.53125,10.435966491699219,19.59375,52.63671875,52.63671875,48.07782745361328,63.59375,143.84375,143.84375,97.7484359741211,147.59375
sobel,4,scalar,16384,6,holdout,2,139.21875,7.61328125,7.61328125,0.5019454956054688,3.6875,17.71875,17.71875,10.411788940429688,15.625,49.11328125,49.11328125,47.05381774902344,59.59375,128.96484375,139.21875,39.169403076171875,143.59375
sobel,4,scalar,16384,6,holdout,3,137.42578125,7.61328125,7.61328125,0.5019454956054688,3.6875,18.6328125,18.6328125,10.435676574707031,15.59375,51.359375,51.359375,50.412384033203125,59.59375,137.0078125,137.0078125,82.22900390625,139.59375
sobel,4,scalar,16384,6,holdout,4,141.28515625,7.609375,7.609375,0.5020980834960938,3.6875,18.60546875,18.60546875,10.4302978515625,15.625,53.44921875,53.44921875,50.09608459472656,63.5625,140.7578125,140.7578125,90.7390365600586,143.5625
sobel,4,scalar,16384,6,holdout,5,144.21875,7.6953125,7.6953125,0.5019454956054688,3.6875,18.734375,18.734375,10.413711547851562,15.625,52.9453125,52.9453125,51.25568389892578,59.625,143.76171875,143.76171875,86.23158264160156,147.59375
sobel,4,vectorized,16384,7,holdout,1,93.71875,7.55859375,7.55859375,0.5020980834960938,7.6875,31.75,31.75,24.429641723632812,31.625,83.453125,83.453125,83.10104370117188,91.625,93.33203125,93.33203125,81.72118377685547,95.625
sobel,4,vectorized,16384,7,holdout,2,100.59765625,7.63671875,7.63671875,0.5020980834960938,3.6875,32.19140625,32.19140625,24.42974853515625,31.625,81.9375,81.9375,83.02980041503906,87.625,100.46484375,100.46484375,65.4560775756836,103.59375
sobel,4,vectorized,16384,7,holdout,3,92.97265625,7.63671875,7.63671875,0.5019454956054688,7.6875,31.7734375,31.7734375,24.429595947265625,35.625,82.93359375,82.93359375,82.7004623413086,91.59375,92.6640625,92.6640625,81.72634887695312,95.59375
sobel,4,vectorized,16384,7,holdout,4,95.84765625,7.5546875,7.5546875,0.5019454956054688,3.6875,31.98046875,31.98046875,24.429595947265625,31.625,83.359375,83.359375,84.29840850830078,87.625,95.51953125,95.51953125,77.96810150146484,95.625
sobel,4,vectorized,16384,7,holdout,5,95.47265625,7.63671875,7.63671875,0.5020980834960938,3.6875,32.02734375,32.02734375,24.429534912109375,31.625,82.21484375,82.21484375,83.494140625,87.625,95.62109375,95.62109375,77.96810150146484,95.625
sobel,8,scalar,16384,6,holdout,1,362.44140625,7.8828125,7.8828125,0.5020980834960938,3.6875,18.76171875,18.76171875,10.435829162597656,15.59375,117.8515625,117.8515625,107.68910217285156,127.59375,250.82421875,362.44140625,165.81702423095703,367.5625
sobel,8,scalar,16384,6,holdout,2,359.90234375,7.8046875,7.8046875,0.5027084350585938,7.6875,18.66015625,18.66015625,10.431121826171875,15.625,119.64453125,119.64453125,104.51734161376953,127.59375,249.16015625,359.90234375,156.80713653564453,363.5625
sobel,8,scalar,16384,6,holdout,3,360.46875,7.8828125,7.8828125,0.5020980834960938,7.6875,18.7421875,18.7421875,10.419181823730469,15.59375,121.203125,121.203125,102.240234375,131.59375,241.0078125,360.46875,150.79723358154297,363.5625
sobel,8,scalar,16384,6,holdout,4,359.96875,7.796875,7.796875,0.5020980834960938,3.6875,19.30859375,19.30859375,10.436225891113281,15.59375,112.2265625,112.2265625,112.24300384521484,119.59375,271.40234375,359.96875,175.82840728759766,359.5625
sobel,8,scalar,16384,6,holdout,5,362.53515625,7.8046875,7.8046875,0.5020980834960938,3.6875,18.4375,18.4375,10.435722351074219,15.59375,122.99609375,122.99609375,101.47281646728516,131.59375,232.77734375,362.53515625,150.7973175048828,363.5625
sobel,8,vectorized,16384,6,holdout,1,98.30078125,7.50390625,7.50390625,0.5019454956054688,3.6875,24.99609375,24.99609375,16.554885864257812,23.59375,76.9296875,76.9296875,51.39689636230469,83.59375,95.70703125,95.70703125,88.45988464355469,95.59375
sobel,8,vectorized,16384,6,holdout,2,99.28125,7.5078125,7.5078125,0.5020980834960938,7.6875,24.74609375,24.74609375,16.551971435546875,23.59375,72.32421875,72.32421875,71.35758972167969,75.59375,95.7109375,95.7109375,87.37307739257812,95.59375
sobel,8,vectorized,16384,6,holdout,3,96.8203125,7.5078125,7.5078125,0.5020980834960938,7.6875,24.84765625,24.84765625,16.551727294921875,23.59375,67.5625,67.5625,69.32044219970703,75.59375,93.3359375,93.3359375,87.18362426757812,95.59375
sobel,8,vectorized,16384,6,holdout,4,95.515625,7.5078125,7.5078125,0.5020980834960938,7.6875,24.84375,24.84375,16.55194091796875,23.59375,71.796875,71.796875,70.8157730102539,75.59375,92.75390625,92.75390625,82.33275604248047,91.59375
sobel,8,vectorized,16384,6,holdout,5,90.171875,7.6328125,7.6328125,0.5021133422851562,3.6875,24.91015625,24.91015625,16.546348571777344,19.625,64.72265625,64.72265625,66.18071746826172,71.59375,89.8671875,89.8671875,59.31428527832031,87.59375
sobel,16,scalar,16384,6,holdout,1,908.23828125,7.83984375,7.83984375,0.5019454956054688,3.6875,17.94921875,17.94921875,10.411476135253906,15.625,421.87890625,421.87890625,416.23534393310547,423.59375,720.8671875,908.23828125,222.79242706298828,903.53125
sobel,16,scalar,16384,6,holdout,2,915.30078125,7.84375,7.84375,0.5022506713867188,3.6875,18.03515625,18.03515625,10.417251586914062,15.59375,397.3359375,397.3359375,392.60132598876953,399.59375,756.29296875,915.30078125,631.2805328369141,911.5
sobel,16,scalar,16384,6,holdout,3,923.42578125,7.765625,7.765625,0.5022506713867188,7.6875,19.16796875,19.16796875,10.430702209472656,19.625,384.44921875,384.44921875,381.77330780029297,391.625,767.046875,923.42578125,576.2094421386719,923.53125
sobel,16,scalar,16384,6,holdout,4,908.20703125,7.84375,7.84375,0.5019454956054688,3.6875,18.890625,18.890625,10.413612365722656,15.625,425.20703125,425.20703125,282.05873107910156,427.5625,754.0,908.20703125,232.79830169677734,903.53125
sobel,16,scalar,16384,6,holdout,5,920.98046875,7.76171875,7.76171875,0.5020980834960938,3.6875,18.6953125,18.6953125,10.435714721679688,15.59375,382.125,382.125,380.27970123291016,387.59375,767.21484375,920.98046875,574.2078552246094,919.53125
sobel,16,vectorized,16384,6,holdout,1,97.8359375,7.6953125,7.6953125,0.50726318359375,7.625,25.19140625,25.19140625,16.55699920654297,23.53125,77.1875,77.1875,52.016380310058594,83.53125,94.765625,94.765625,89.0793685913086,99.53125
sobel,16,vectorized,16384,6,holdout,2,96.8671875,7.5625,7.5625,0.50726318359375,3.65625,24.6171875,24.6171875,16.54639434814453,23.625,69.24609375,69.24609375,70.48249816894531,75.625,94.19140625,94.19140625,87.30451202392578,95.625
sobel,16,vectorized,16384,6,holdout,3,91.8203125,7.5,7.5,0.5019454956054688,3.6875,24.890625,24.890625,16.551895141601562,23.59375,70.328125,70.328125,69.3154067993164,75.59375,91.5078125,91.5078125,74.32698059082031,91.59375
sobel,16,vectorized,16384,6,holdout,4,93.4609375,7.5,7.5,0.5020980834960938,3.6875,24.9921875,24.9921875,16.55194091796875,19.59375,75.0,75.0,73.75670623779297,79.59375,89.99609375,89.99609375,82.33264923095703,87.59375
sobel,16,vectorized,16384,6,holdout,5,90.30078125,7.60546875,7.60546875,0.5020980834960938,7.6875,24.8359375,24.8359375,16.54566192626953,23.625,68.17578125,68.17578125,67.2969970703125,71.59375,90.3984375,90.3984375,64.81838989257812,87.59375
sort,4,vectorized,16384,10,development,1,278.58984375,7.609375,7.609375,0.5019454956054688,7.6875,48.92578125,48.92578125,36.636688232421875,47.625,179.9921875,179.9921875,196.85478973388672,203.59375,273.62109375,278.58984375,66.3112564086914,291.59375
sort,4,vectorized,16384,10,development,2,275.33984375,7.609375,7.609375,0.5019454956054688,7.6875,49.34765625,49.34765625,36.6365966796875,51.625,180.16015625,180.16015625,196.85477447509766,203.59375,270.3125,275.33984375,66.3111572265625,287.59375
sort,4,vectorized,16384,10,development,3,285.51953125,7.6953125,7.6953125,0.5019454956054688,3.6875,49.21484375,49.21484375,36.63700866699219,47.625,190.7265625,190.7265625,207.9062271118164,211.625,278.36328125,285.51953125,100.36553192138672,295.59375
sort,4,vectorized,16384,10,development,4,274.328125,7.59765625,7.59765625,0.5022506713867188,3.6875,49.07421875,49.07421875,36.63703918457031,51.625,181.421875,181.421875,193.2305145263672,203.625,275.015625,275.015625,206.69100952148438,287.53125
sort,4,vectorized,16384,10,development,5,290.89453125,7.6015625,7.6015625,0.5020980834960938,7.6875,49.18359375,49.18359375,36.636962890625,51.625,190.6796875,190.6796875,207.9062728881836,215.625,288.19921875,290.89453125,100.36026763916016,307.625
